6e172695-c76c-4364-8dd9-44e6d2d3aed9,Heitor Rovaron,heitor.rovaron
4e8660b0-7350-4211-9b9b-9ba50792ccd9,Melony Terci,melony.terci
7e3d4092-6664-4162-9866-c4256507a35e,Tatiana Arrieiro Filgueira,tatianaarrieirofilgueira
d41d1b73-e28a-4464-a640-abfe1d913cfd,Nadja Elias,nadjaelias
657eb911-3fd1-4317-9430-f5f53199754c,Rafael Furtado,rafael.furtado
c5dcda1f-6d9c-4fe4-824b-ee9a0b138a9c,Luzanira Sardenberg,luzanira.sardenberg
6dec2c10-1522-4cc7-8e45-89d78a6274c2,Donizete Kohler,donizete.kohler
61423001-c484-4fbf-9ee7-9475fb93cf3c,Alinice Araujp,alinicearaujp
c720558d-652d-48d3-b952-40b16124b989,Alax Kaiser Raquel,alax.kaiser.raquel
bea7457f-3d0a-48f8-9ee9-c3ff79bf756b,Candisse Mattis,candisse.mattis
fd7ec052-7e2a-4425-a109-a4a37f105512,Ivanice Callado,ivanicecallado
18c369fe-2b6c-4638-9693-425b13b22948,Vixpark Valariano Federici,vixpark.valariano.federici
850778f4-0bc9-45d0-a732-d023a8f25196, Falfan Brant,falfanbrant
e7e46a01-9618-4f48-978c-9a712949389d,Gustav Angione,gustav.angione
64b7f8c1-6264-4edf-b47a-90f8692056e0,Emannuelly Reginaldo Fofonka,emannuelly.reginaldo.fofonka
cfe9ca52-4b8b-4a15-86f1-4b0adb0f9227,Flaviane Salgado Dudar,flaviane.salgado.dudar
93a30bf5-7c91-45a2-8624-80c79b35b422,Francisca Brunelli Mafetone,francisca.brunelli.mafetone
d2173551-7d7b-47d5-8425-133cdcb69724,Leonaia Farias,leonaiafarias
81bb7a02-c574-4114-85f9-368514aaba29,Rejane fernandes Marinonio,rejane.fernandes.marinonio
f687f04d-5f24-4327-bd74-b07c5660f364,Marcia Louredo,marcialouredo
48da4ef1-9cdf-4a18-aa93-92cdef0d6482,Joeliton RODRIGUES,joelitonrodrigues
a8461f62-d18f-4190-bf97-1684a13b5531,Everaldo Birkman L,everaldo.birkman.l
02b6ce38-b23d-446a-b78b-823f360a4f35,Sarah Auxiliadora,sarah.auxiliadora
708943ab-7987-4632-ae23-1248922b87d6,Jusandra Pessini,jusandrapessini
15d3f155-6a02-4849-9af7-d2cc4148f5a2,Alysson Missagia Mazoco,alyssonmissagiamazoco
b3259f66-1309-42b0-b27e-abb916da67c0,Valdinei Juvencio,valdinei.juvencio
fd3d9ebc-ed89-4a5c-ad0d-c34ecbcae2ac,Joicy Quidicomo,joicyquidicomo
7bd3cf31-e9c5-4b28-b4d2-161b633a99b4,laize Nobrega,laizenobrega
efa7c6a5-7ed7-438a-875b-1fc4184b6bf0,JOSE Cynara Katyuce,jose.cynara.katyuce
fe822c21-d963-4886-ab29-612738cbc47e,Edmarine Castegnara Dattein,edmarine.castegnara.dattein
902a5975-a4a4-4ba8-9a0e-ba3b2812a57d,Franciellen Collopy Marcelina,franciellencollopymarcelina
e04042a2-6ee5-432e-85be-142197dc59c7,Domitila Xx Vavassori,domitila.xx.vavassori
104cf1c0-70d8-4a4e-ac01-29440b10d5ef,Alessandra Ely Isaac,alessandra.ely.isaac
4a873af2-fe3c-4b81-abc3-91ec7299f6b2,Nicolle Ricardo,nicollericardo
529655d9-38c4-4f0c-88d7-62eb8a7adf76,Jacob Swartele,jacobswartele
709b6d12-a526-42d9-9980-25ff71d7c0d9,Morris Franco,morris.franco
5261adc3-8249-4ce0-9ce0-230e65164a8d,Eloisa Lund,eloisa.lund
36fbfe3b-91ba-4bc9-8918-ed94a10aee3f,Cleiziene Bertagnoni,cleiziene.bertagnoni
0cad4728-8f1e-48d4-8e3e-63594ca33b17,Joil Valle,joil.valle
f4fb9402-a929-4d97-b2ed-d424e81bbf51,Kamila Riper,kamilariper
7a917d5a-cb31-4bd5-b6a5-10c90de4b6f2,Vitor Steinmann,vitor.steinmann
b1d011ac-47c7-453c-9558-22027a759f91,Valdirlene William,valdirlenewilliam
cd322a11-d1ac-431a-99a8-25f126a2d389,Aleandra Cassia Abdon,aleandra.cassia.abdon
30abd294-6b09-428b-b761-dc28f6961f43,Sandro Valerii Restum,sandro.valerii.restum
37c5d202-641c-49a6-848b-4fc64bf790ef,Alan Gasco Balbo,alangascobalbo
14f015ba-4cdf-439e-8948-518c5cb5ddce,Jany Carpinteiro,jany.carpinteiro
5e0ccb3e-7f28-47d0-9cf7-9426f364805e,Wesley Souzs,wesley.souzs
6f0bf406-6eb6-4c5c-ab8c-50a2398da5e4,Frank Sabrina Pauperio,frank.sabrina.pauperio
0bc1a237-0995-4bae-9961-ad7c992d1bba,Benedito Calheiros Dionei,benedito.calheiros.dionei
be581d60-9825-441a-92fb-bb2eda2229e3,Vixpark Lessa,vixpark.lessa
6df83561-1386-45e8-b0b5-9e4bfc15d1d7,Stefani Prara Brunhara,stefani.prara.brunhara
56f5e56d-b443-4538-9b47-484a1d7643aa,Elizandra Luziane Sossella,elizandra.luziane.sossella
a64be1f1-f87a-4228-a19a-babb9c394d97,Marilda Regiani,marildaregiani
2858715a-cf1e-473f-94cb-e9a4ac682bb0,Rosemary Goyanna,rosemary.goyanna
bdfc56a9-5ac2-4070-a291-e3f10a785d8d,Keliani Ketten Makuch,kelianikettenmakuch
363a6422-dcc4-4896-ad75-03af2cf8b9da,Zeiny Brandes,zeiny.brandes
d27c46cb-8e5e-4401-8aac-1947c675b297,Greziele Amanti Preira,greziele.amanti.preira
1786166c-3a2f-45bb-8639-d5738d11ff06,Waldeia Melone,waldeia.melone
1398be63-9b24-4d45-8809-bc3ab8b5a75f,Vivyane Cypriano,vivyanecypriano
e17cae43-8f14-4403-8432-d85cc8939727,Elizabete Pompeu,elizabete.pompeu
ab0a5e06-202a-43b2-8705-31022e31c04b,Jose Pivetta P,jose.pivetta.p
32caa8a3-6085-48d5-9eb5-39953de07b82,Christine Eustaquio,christine.eustaquio
092b7c45-cafd-4242-96e1-373c453961d8,Daliana Weigert,daliana.weigert
00afd0b4-63fe-4644-ba88-acdc16502630,Leudileia Valerii,leudileia.valerii
09f51559-17fe-4228-9a45-2c0e2eb6cbbc,Cariza H,cariza.h
18a53b29-997a-470b-8562-10620474b5ab,Kendy FLAVIO Roizen,kendyflavioroizen
8355725e-3953-441f-921f-960ad9e8e93d,Ariana Wilhelm Carvalhp,arianawilhelmcarvalhp
259dfd7e-77b0-4f63-b288-9cad31ba3112,Yane Goncalo,yane.goncalo
df098d5e-23cf-4374-b31c-5034fe7dc1ed,Jhonattan Jacinto,jhonattan.jacinto
595b663a-b091-40f8-8a76-b3ca57534bcd,Quelen Acelino von,quelen.acelino.von
bc541175-304f-49d6-a98f-07b387ee5dbb,Elry Maiolini Rejiane,elry.maiolini.rejiane
3d6f947d-b311-4e61-bf9f-1172dff257dc,Thereza Lessi Bressani,thereza.lessi.bressani
54fb2ece-8c81-4cbc-b8b3-b5cae6b24d33,Lucianeda amatuzzi,lucianeda.amatuzzi
187aa3dc-dc54-4b48-891f-5c199a04c531,Luanda Verner,luanda.verner
275a87a2-6185-4ad7-82d8-0f12864fec43,Nailton Airton,nailton.airton
81241945-b0bd-4b6a-ace5-67336015aef7,Suzelen Martimiano,suzelen.martimiano
bce450dd-1e19-4a00-a95c-2814ece1de59,Luca Emanuele,lucaemanuele
b62b6525-f480-4d38-b100-64b0cfb843f6,Jaime Rodrigues,jaimerodrigues
c3bec5ba-bb5a-4f8c-bc31-8cb41359e174,Ademir Girelli,ademir.girelli
c91ee16c-7497-4634-aa17-65106681d396,Tauane Lucaa,tauane.lucaa
7ad381e7-c54d-47a5-8e83-d010cc979a27,Augustho Leopici barreto,augustho.leopici.barreto
51269a99-684a-4976-b518-da346219f28c,Samir Cynthia Paim,samir.cynthia.paim
83477481-6b3d-4433-a75f-17bc631f3812,Ivanires Drudi,ivaniresdrudi
89414639-ec14-415f-ae7b-9850e04d81c2,Amauri Lother,amauri.lother
aedb0fec-3ce2-4017-92f4-5b8a0a244805,Cefas Silva,cefas.silva
792db824-2d78-4091-a0bf-03863f0eb8d6,Yara Zago,yara.zago
927197cc-28f5-4807-a649-f9cd9d172760,Enaide Williany,enaidewilliany
e24ba427-5302-456a-aefd-7cc907ff8604,MARIO Toscano,mario.toscano
d59cc9d9-3a45-4c5a-944e-25cd681edcda,Suellen Scaletti Reginaldo,suellenscalettireginaldo
f5b79043-83cd-4ba1-9427-848fa61c7146,Roger Sabotto,roger.sabotto
245cf7fe-9744-477c-a58a-90038ce5d531,Adriene PAULO,adriene.paulo
1f63e134-50a1-4c7c-86f7-3c892894e42a,Gabrielle Ribeiri Pianna,gabrielle.ribeiri.pianna
223fe7f8-fa44-4360-8c91-837e04346ba0,Juciara Cestari,juciara.cestari
dfe8a80e-19b6-4530-a635-b69b2066e193,Naiani Em,naiani.em
f39dd988-31fe-4c54-9fd4-497cc7d076d9,Jerry Erlaches,jerryerlaches
aa842796-9b06-4fce-8256-e16af7aa3311,Karyna Agostinho,karyna.agostinho
68e9215b-9d8d-4b2d-b0dd-f4a6d8fe15dc,Maiky Iara Buarque,maiky.iara.buarque
27bf3036-ccac-4d49-9eb8-26b16adadc34,Lucide O,lucide.o
56987a61-88ef-4ba7-a97c-f29c8e7f69ef,Caique Brigatto,caique.brigatto
7443be6a-16fc-4c36-ba63-be34290e6f0a,Jannayna Lozer Deleon,jannayna.lozer.deleon
543144ac-ae86-48c5-ab65-6591a45db040,Francielly Paranhos,francielly.paranhos
470dfa6a-a2a9-4d73-841b-1e96b4d524eb,Endrezy Scalfoni,endrezyscalfoni
58923126-03fa-4772-bac9-87f5d317e598,Licia Roriz,liciaroriz
d508278a-12be-42aa-b3ac-80c30720120d,Alice Loureiro,aliceloureiro
1785c1b5-e9f5-4a65-8742-066f55e1d8e1,Wilton Negrelli,wiltonnegrelli
780c732f-f36f-480b-9548-7a28ccdc2657,Evelly Varella Vianna,evelly.varella.vianna
b50051b3-4f60-4ba3-b649-63a6b99c104e,Cinara Bomtempo Maira,cinara.bomtempo.maira
e5cc712f-a688-4389-974b-757aa7438af5,Tamiris Ivan,tamiris.ivan
927ed97a-64d2-4d38-b065-81d244685915,Eryka Marilac,eryka.marilac
ae152332-1b3a-4efc-968a-32539b7ae98e,Wekesley Vanete Schiavon,wekesleyvaneteschiavon
3d8f916b-7e8d-4e0c-b421-8ed8b1119283,Ludiely Zaineli Morale,ludiely.zaineli.morale
aef241cf-0678-4106-ad3f-00f956cac1c0,Talicia Loblein,talicialoblein
e3d2ba76-8241-4d60-8f2e-6e30381886b5,Isabele vil,isabele.vil
07261474-de87-45f4-9a5e-6849e672aaea,Jacy Evelyn,jacy.evelyn
6e25ab33-1500-42b7-88e4-15b02853b67f,Caliane Redig,calianeredig
d2b5b90f-c857-4c85-afbd-e5544b886c51,Gilmar Feola,gilmar.feola
01326111-4c38-479c-a057-ab92c955fd76,Wellyngton Ressurreicao,wellyngton.ressurreicao
f81d2d5c-8521-4c56-a452-7092cabf1e44,Lucian Sessa Honorato,lucian.sessa.honorato
6b4a13cc-772f-4310-966a-62eb7aad2bfd,Agda Augusta,agda.augusta
15c19831-5cd8-440f-afd4-0a9c69418381,Vivianne Angeli,vivianne.angeli
d3ec6a11-da13-418e-aecc-12115400f185,Roney Saura Porti,roneysauraporti
5660e96a-a0d8-45d6-b430-ba9ec2e3a379,Mieko Anjos,miekoanjos
f8ca50a2-e292-437e-9f73-1fec1f793de8,Wilque Biondi,wilquebiondi
2888476d-3b2c-4e58-8fec-e1a7ace84f64,Alcides Luziane,alcides.luziane
1a5d6f6c-b708-4636-a1e4-7d4b9874fdb3,Rogerio Negrelli,rogerio.negrelli
6ae6f8a2-2bd8-4996-a751-08b43eafd45a,Jeyce - Italiani,jeyce.-.italiani
aaf2adab-076a-44f8-8e42-f320db656eaa,Rosilane Bernabe,rosilane.bernabe
539b17e7-af6a-4d5d-ae93-1dd348087dea,Liliane Chanca,liliane.chanca
eee7560a-c191-4391-937a-1d6e2ec8d1a5,Karyna Cinti Seabra,karyna.cinti.seabra
751f6d29-e0c9-42ca-8bf6-f2f7c99a57f0,Melony Smiderle,melony.smiderle
1b5a1252-982d-40ed-a395-5f12d31b38a4,Taline San,taline.san
f061519b-738e-4d53-9f83-ca4a294d0ee2,Dhandara Ocampos,dhandara.ocampos
19ddc39f-6c34-4c7f-9643-8e4c49f9fd09,Nathaly Belo,nathaly.belo
6b6bc09f-93ba-4586-a27a-27e1dbcda09e,Erfeson Amancio,erfeson.amancio
51e20d00-91a3-4b0c-8a9d-75ec4f17c5ad,Tathieli Keli,tathieli.keli
23133deb-a976-493e-948f-047fffc5e272,Eduanny Maccari Rejane,eduannymaccarirejane
4cb0fd35-8be1-4d60-b3fc-695094d8753f,Christopher Aguerre,christopheraguerre
6ec940e1-3fc0-42a4-b0ac-2ba3354bef33,Aloisio Schor,aloisio.schor
fe6ad71b-953f-41d4-abdb-63fd34415766,Williams Oliveira.,williams.oliveira.
3f6bb705-04b5-4af3-b7de-ee992a396336,Joanna Karolyne,joanna.karolyne
68c509fc-320f-4e3c-90f6-fdc3c17dabbc,Sidiane Francisco,sidiane.francisco
aa449838-f34c-41aa-8052-ac7fbdcdfca8,Gil Maroquio Aquino,gil.maroquio.aquino
e4b2da69-bf75-45dd-b4f8-2c9474d5d21c,Jocemar LOT Deivison,jocemar.lot.deivison
b9ed14f4-4f8c-412d-82bc-e15abfe682e5,Macielly Dos,maciellydos
0b0f3216-6f9b-48f9-8b25-4244904e4d86,Nicolas Silba,nicolassilba
03bd3160-4867-41c1-8330-9c8ac6b51f95,Misslane Bar Norberto,misslanebarnorberto
5373f1f6-df67-47ab-b640-fdefb577511d,Rogeria Geuson,rogeria.geuson
8b2ff28c-5a80-4afe-9054-f25cdb06eeb9,Rachel Yuri,rachel.yuri
1e262550-7255-46b3-a70b-dc7382897998,Ane Linzmayer,ane.linzmayer
d34b89f1-ab8e-494d-9089-98455fa1aa27,Selma Luziane,selma.luziane
035bb92b-6ec0-4d3e-9a2e-0417ac3f1b4b,Baccarin Bensemana,baccarin.bensemana
6f8c9da3-8d3a-4f5c-9f28-c8d978b688c9,Jessyka Amm Martins,jessyka.amm.martins
5a1b5219-85e8-42bb-a9eb-98fda7111a60,Mikely Duque,mikely.duque
64b97d1f-c1f4-470f-be51-45e6143efb39,Ocileuza Elias,ocileuza.elias
bbd80b01-23c4-4d00-930a-9b99d0c11c1b,Diego Saul Silvestre,diegosaulsilvestre
ba5795aa-a2ca-4fde-a060-1732eec67e51,Jalene Onesimo,jaleneonesimo
289bf954-a3c4-4ec3-a1d0-95f0de8ee075,Lourival ludtke,lourival.ludtke
322dd041-f733-4c7f-a6d2-cb7ea27d5cc2,Gustav Justino,gustav.justino
87d7ae03-4516-46cf-b5b7-9e0a6c193359,Giciel Sergio,giciel.sergio
e854fe9c-6429-49f4-bfa5-b0377260f74f,Kelem Flavio,kelem.flavio
4b65232e-d9db-4fa2-9478-ab69650e4c5d,Elinelson Reis,elinelson.reis
c1b260a3-2d62-4f19-b181-5e6635d5f3d9,Ronny Nascjmento Fellipe,ronny.nascjmento.fellipe
5fda5076-aeff-4d7e-a95f-59b47181d8a4,Lucianeda Bourguignon Santod,lucianeda.bourguignon.santod
3f23b1ac-8fd9-4d9a-b0dd-5d29c08cf723,Mayra Troia,mayra.troia
3b1dce11-2167-4d33-84f6-bea5c8e077eb,Adson Salles,adson.salles
5cb6f546-a678-4823-a0a8-06b9daac1575,Claudiceia Vitorino Ferrari,claudiceiavitorinoferrari
8e81105e-e9b6-4e86-a124-258f7e065e50,Wallace Henke Carla,wallacehenkecarla
5b437560-7f47-4ff7-8a26-ff35fde60926,Itamar Aries Jhon,itamar.aries.jhon
6c0e5ff4-a2c2-450e-82d4-87b83bf74427,Kariane Aciole Lenser,karianeaciolelenser
d16840a6-d951-435e-8417-ea80532670d1,Tathiana Ivete,tathiana.ivete
0c3483ed-cc67-40c6-8aaf-2237f61d6c41,Glauziete Utrilha,glauziete.utrilha
43beed5f-472e-4a8d-bb1b-566b9a14b33f,Candisse Sergio,candisse.sergio
c8390a95-0179-445f-90fc-67666c3689e5,Welyngton Ceriaco,welyngtonceriaco
01e73fd9-6e3d-4ac8-84af-767d6cd0ed01,Kelvin Argollo,kelvin.argollo
257dda1f-53c0-41bd-9e35-150b919b348e,Jussimar Amaral,jussimaramaral
17bf2b63-0fb8-45c8-929d-a9ae0d8c470e,Suzy Antonia,suzyantonia
fc5acd2b-38b6-4c1a-9696-a2d983cecc4d,Tatila Belmiro,tatila.belmiro
5253765a-b5a6-4f6f-8b9d-8104879d561b,Leonilton Aviz,leonilton.aviz
81e91678-e30f-4105-80c6-19937e71254c,Cleon Huang,cleonhuang
2b6bdaac-95cd-4a47-942b-c2accf596688,Leonice Darioli Junior,leonicedariolijunior
36974c2c-288f-4cd1-862b-b461d72e4a0a,Xavier Estefani,xavier.estefani
380f6d9c-f18f-493c-a6d6-16bb02df4e7a,Amauri Mam,amauri.mam
9822aab1-18ff-4416-badd-9ab138ababf1,Panela Abraham,panelaabraham
30bc6b19-1087-491f-b06f-477f5e1f7193,Josilvana Morelato,josilvana.morelato
065d8403-8a8f-484d-b602-9138ff7dedcf,Wadson Marcia,wadson.marcia
d53bb5e8-895d-48c7-8243-6c0ffee818fa,Tales Graceli Chyla,tales.graceli.chyla
a6fceda6-a670-4824-9cd9-96325d3b7ac6,Olya Palmeira,olyapalmeira
435b6fce-1d36-470a-99df-d6156da5b957,Nazilde Honda,nazilde.honda
d6eb8035-52c9-4595-9e0e-2d14b3b719ad,Elva Hamburgueria Urbietis,elva.hamburgueria.urbietis
1fae8181-ae6e-438d-aa7c-4bbc33ddcfc5,Lourival Reynisson,lourival.reynisson
1a8e36f0-b5ce-4185-a7a2-8136ef5188c8,Lo-ruama Balbo Claudio,lo-ruama.balbo.claudio
c7cf7dd8-d607-4bda-b247-d588464e2c9e,Germano Vudarski Beatriz,germano.vudarski.beatriz
c341f791-c845-4b30-a29a-abcfc32d0917,Morris Apareida,morris.apareida
574de600-5b21-42cb-bdec-01ed346041cc,Silmara Schwab,silmaraschwab
844ae7e6-315a-4eeb-b3cf-239382cd36c6,Priscilla Arrais,priscilla.arrais
82346763-6b25-4234-8b70-28bac457f301,Weslley Aguas,weslleyaguas
19d328bf-001b-4cf9-a3a3-3b5852bdb1c0,Alcimara Cantes,alcimaracantes
265e8136-84f9-44f7-88e4-dfa0ee14f0b2,Cesomar Biazotto Deus,cesomar.biazotto.deus
a7ac8ac3-7964-4f89-b6f8-12ec919d6893,Giovana Krugner,giovana.krugner
071fd041-5659-416f-b1ef-e912ec3111f4,Cleverton Moscon Justino,clevertonmosconjustino
990fcb91-6c9d-4e8f-a750-f834004a8754,Carine Cabeza,carine.cabeza
ec21d21e-a329-40b9-8674-ef03dc115a32,Franceize Alvrs Vilarino,franceize.alvrs.vilarino
ae3bd51f-42ae-4b1f-bd74-0c1e661beddb,Alana Rizzi Tessarolo,alana.rizzi.tessarolo
2df0d1d2-fd2e-40d9-8ed2-b09422c069dd,Daniele. Gledson,daniele..gledson
1697da30-8cda-4db6-b449-ad0315cb403c,Poliane Boas,poliane.boas
ce7d89ef-a8b0-4e5a-b196-33bfa5d6885a,Saulo Gioia,saulo.gioia
f1f43c8e-c116-4d96-bda3-d1e7bbd8ae1d,Angela Rebello,angela.rebello
fe7e9296-57aa-4a0f-a1e2-ca51b9f684c6,Gabrielle Gimes Dionei,gabrielle.gimes.dionei
e3daafd6-8b14-4174-9afd-658c3b63bff2,Jandir Navarro Mipar,jandirnavarromipar
cd390334-8909-41e3-a4c6-ea9f8cefa6a9,Keslley Carmem Pompilio,keslleycarmempompilio
b9164e21-dab4-4592-96d6-6039b5370273,Sthefany Osmar Tsuyoshi,sthefany.osmar.tsuyoshi
d8056f23-e2ac-40b0-a109-bdf5b74c9d37,Joatan Turbay,joatan.turbay
945dddba-cc24-4cf0-8794-50b47249bff2,Celma Saleme Lincoln,celma.saleme.lincoln
dc1d1758-c835-4f87-bac7-7f7051630b48,Valeria Miranda Barza,valeria.miranda.barza
4b5d7418-c892-4eaf-8fc0-187a769dc415,Willian Barcelo,willian.barcelo
bff49ae4-48f0-4f1d-96d2-cdb0496ec967,Danieli Bertoli,danielibertoli
8e3fd31e-2eb3-46bd-a313-8fc428210aa6,Eleonoura RAMOS,eleonoura.ramos
1b29a9a3-f061-484e-ae88-04f9b66b186d,Brunela Porta Zumero,brunela.porta.zumero
64754f3e-40d3-4eae-8936-54ee3b6c09ba,Elyne Katiuscia,elyne.katiuscia
437d5fb3-6922-4112-a4f3-d4105257afe0,Eulalia Honorio neves,eulaliahonorioneves
b9630fba-01e1-4d6a-ad7b-25d9cec221a0,Bianca Gotti,bianca.gotti
cba52fcc-5027-4211-bec2-7c294b15079c,Alba nascimento,albanascimento
8ca5770b-f722-406f-8f2e-f4b0faa3f34b,Eudes Aurino,eudes.aurino
c932556c-2b3d-4c57-a22a-be04e6a60484,Jucelene Sabotto,jucelene.sabotto
225c16a0-a056-4f8d-9db1-33801bca0d92,hugo Stefani,hugo.stefani
63468e81-3cfe-4741-9f41-eef57762d187,Isolina Mistura,isolina.mistura
65b08be1-c84b-41cc-bdd9-fcd85b90161c,Ramon Anita Fruhling,ramonanitafruhling
d7111802-f20f-4970-baa6-03deeffa3681,Ilana Holsapfel,ilana.holsapfel
50ecdf64-e4e2-4541-92e0-85e32b24a22c,Rosenildo Messias,rosenildo.messias
608c2602-bf3a-4c17-93bc-d6dc0e714abb,Jaqueline Vilella Caris,jaqueline.vilella.caris
c274055a-9141-41d1-a410-a706639e2729,Jardel Fariaa,jardelfariaa
ef70c3ab-344e-49fa-8f68-38d60f4e7887,Evelize Waldeci,evelize.waldeci
5294b088-3f16-4d6d-a6e1-84faaa88a1a6,Max Zago,max.zago
91330715-a9c3-424f-a7ec-f9498856c668,Walgmar Americo,walgmar.americo
a08d7fce-1c92-481e-a052-30be82d07df7,Elizangea Sobral,elizangea.sobral
830d4e2a-26e4-4e1e-bee7-2460cb5d3b54,Cleverton Salutto,cleverton.salutto
124b5d4b-8022-4397-ae20-3c383cf3301b,Marilda Ottaviani,marildaottaviani
1a1a0ecd-2363-4b81-82d1-2b5091e6d6a4,Solaniely Nascimento Carmo,solanielynascimentocarmo
dea3798d-3b17-41e3-8e99-e0fa824852d2,Jackeline Buchner Moncorvo,jackelinebuchnermoncorvo
531966ef-1dd1-45ad-afa5-c9aeb481136b,jediler Calixro,jediler.calixro
59355096-7b48-4e30-8fc8-f66196a6cdba,Creidane Geyciany,creidanegeyciany
8c9cce95-defd-4c97-80e0-90ab661737c7,Eduanny Amton,eduannyamton
f79e3445-4a8e-452c-8ae2-8c1cb866ba0f,Benildo Hungria Alfredo,benildo.hungria.alfredo
7d73cc45-d405-46b0-8171-736353792286,Suzana Dantas Barrozo,suzana.dantas.barrozo
1acbf927-44da-4d25-8dc6-3dd77b704dd4,caroline Mazaro,caroline.mazaro
fa4b26bf-3162-494c-886a-766c9b0dd480,Aguinaldo Azeredo,aguinaldoazeredo
2e54c109-3945-4b90-9891-60d4ba2c76aa,Rebecca Aurich,rebeccaaurich
6bbe41f5-3d89-47bd-b4df-508245748c55,Hilda Bodart,hildabodart
ed703abd-c62c-4f08-b5c0-15562663b866,Alexsander Norberto,alexsandernorberto
0fa801bb-6960-4a1d-8fd9-fd42abc288d2,Jaques Kuster,jaques.kuster
e013c190-a2b8-4f45-b474-bca97c91e16f,juliana Girolamo,juliana.girolamo
86072319-7dde-4c0b-bd41-fbb9e4f6a2bc,Otaviano Andrades,otaviano.andrades
30f99304-8787-408c-82f4-7ba5caa85eba,Adayl Americo Antonucci,adayl.americo.antonucci
0cf560c9-bf0d-47b3-ade2-393ec4706fd7,Amdre Milena,amdremilena
d149ea83-e795-424c-ad28-c3db9ab55bd9,Amdre La,amdre.la
5ccbf370-bc7e-4dae-bbf0-00422156045a,Candisse VENTURI Celio,candisse.venturi.celio
73b0b1cc-9acd-44ea-a586-89e3a53bf042,Jardel Louzeiro,jardel.louzeiro
9914fea1-cbe0-4719-95a0-8d24c86a9a80,Cleison Herrera,cleison.herrera
561389dc-7bd0-4a77-a0c2-edf17795f644,jediler Bissoni,jediler.bissoni
c6790401-b81c-424d-b220-2dcea0d07c67,Nielen Gomes Graceli,nielen.gomes.graceli
c9c6174a-0179-4707-bca7-416b792a45e7,Rosa O,rosa.o
057178ff-529f-4d3e-9c12-f4b0bdf55ca2,Michelly Mazarim Ricciardi,michelly.mazarim.ricciardi
b51f2a6e-7775-45fe-845e-df441b40ff99,Islaine Sangi Clementina,islaine.sangi.clementina
3c404b15-e8d7-4243-b406-0c24f81255ab,Jucelia Nigro Haicki,jucelia.nigro.haicki
2a88bf0c-c361-482e-bbad-a7e0d918057b,Marine Prazeres,marine.prazeres
ed363641-dc9d-4b7e-9076-99aeed589b6a,Julio Demuner,julio.demuner
9d60d39b-bae0-47f9-864e-ddbed9ecac61,Angelita Andrea,angelita.andrea
95d1b321-6a33-4b21-a592-d352fbbf69dd,Narjara Grativol,narjara.grativol
e17ed4de-c7c2-497f-a3ad-781e8c3e5f63,Vivianne Chamma,vivianne.chamma
180106ee-c325-4085-b73d-dbc45cb33f6f,Marlen Filipe Araujp,marlen.filipe.araujp
9d1874e0-3084-42b0-847d-16bb331b2f89,Andressa Pinto Zucoloto,andressa.pinto.zucoloto
50a459e6-4d18-4cfa-8f67-533bc801b66c,Edes Arrudas,edesarrudas
b6f0a86f-2c03-4758-9b58-8a40dba761d4,Adonira Aparecido,adonira.aparecido
8db515e7-256e-4f56-a20b-c80518011375,Elen Luppi,elen.luppi
0db3117e-902e-41ea-a688-7ccc1b8b031e,Edilde Ximenes,edilde.ximenes
8694f736-0e50-4f4f-9d9e-a9b0e90dbf2e,Robson Ruas,robson.ruas
82b95fba-0410-4419-8c1e-f03e18f813ae,Isolina Salgado Sidra,isolinasalgadosidra
f8d0fdc9-fd47-4eae-85eb-66c783fbcbdf,Jamille Viel,jamille.viel
d5be2a47-d6ab-4c8f-8d8a-18654568b5a4,Franciane Prudente,franciane.prudente
25deb80c-0ae7-4fb3-8ea6-8ddebeb5180e,Sidney Zunino Pulcheri,sidney.zunino.pulcheri
ae386055-800a-4619-96d9-f5757ec44fb0,Grasiela Pizza Elias,grasiela.pizza.elias
f1647d68-a418-4498-af5d-9ae70fbce478,Francineide Tavares,francineide.tavares
dc912f0a-65ef-47b8-a498-9cc7445aa05e,Virginia Tonon,virginia.tonon
fe24b592-cf74-4a28-ba9f-238d9a2760f6,Wydillanio Leonr,wydillanio.leonr
46bc5cb2-2d78-495f-8f48-2a55f11c7aa7,Madson Cabeza,madson.cabeza
4e3d55ae-92ea-44bd-bb3e-ece2d2d7553b,Deneilson Canella,deneilson.canella
db72778b-4f72-414a-aaf6-f74a04fbf45e,Mauricio Adailanna Azevefo,mauricio.adailanna.azevefo
5db4c35e-7e5f-41f3-abd5-6366f8863915,Dainei Mathias,dainei.mathias
87b9f166-4c81-4adf-bc51-c73fb4faf0ec,Udson Dilva,udson.dilva
69554dd5-37bf-4d45-810d-2efebb5b1ee9,Thatiane B.,thatianeb.
fabe0318-1c33-4b7e-8509-fd6c96e3d49b,Rennan Olvira,rennan.olvira
bbc4d2d5-da94-46c3-b144-36c4e7953d24,Stefan Anizio,stefan.anizio
7ba1de29-8f8e-49d8-9b96-a39ed0b775d1,Jossana Cinti,jossana.cinti
97da0cec-b0a0-4b0a-b1be-1be88d1e9103,Jurandir Evangelists,jurandir.evangelists
f5e793a1-c6f9-4b7d-a043-c3d4f2e3d8bc,Taiane Andreina,taianeandreina
0a26e879-94e1-404b-9c76-625f50efafde,Andrigo Baleotti,andrigobaleotti
3d13a5cb-b144-43d8-996e-90efb36c3a29,Welton Gualter,welton.gualter
1a7667a1-cb3f-4297-b99f-804bd731986c,Clayton Picoli,clayton.picoli
a94000eb-0c50-44ff-9097-e6e6256203a9,Julianna Stephanie,julianna.stephanie
5ba6732f-5489-4d20-9fad-fc186e8e8ef2,Deiseane Janson,deiseane.janson
14e4f433-7a43-484a-b479-e96a56ba4f6b,Regimara ARAUJO,regimara.araujo
ab24075f-bbfe-496b-9cc9-a8cab106cd79,Ruberley Nogueira,ruberleynogueira
0fab62ae-5ff8-4e3e-b1a4-5f79d07017c6,Cristiano Cruz,cristiano.cruz
09906ad6-7066-4b15-a551-715ba9aaa2cd,Tadeu Raimundo,tadeu.raimundo
c9d3ade0-e55f-4780-85f1-8a302449fa59,Graziela Larri,grazielalarri
b8575924-0348-4918-9b7a-3f1964408f99,Juraildes Mello Novaes,juraildes.mello.novaes
ba739381-8015-4b07-af7a-5816ef26f608,Liege Bassoli Mended,liege.bassoli.mended
278db749-3b74-4553-aae8-ffae16f22a54,Izamara Zambeli,izamara.zambeli
f2b6212f-3818-40ba-b724-404f2251397b,Nicolas Gemaque,nicolas.gemaque
093b21c0-2410-4a00-af1c-f50ea2cf4b95,Hitala Bechtlufft,hitala.bechtlufft
792cea7f-846a-411f-b62e-15eaf5ad32f2,Josseli Manoel,josseli.manoel
03886c86-2e8b-4da2-a9d3-c74dc008db48,Maiky Feitoza,maiky.feitoza
ac49855c-7537-46fe-81ae-af42789d56da,Maickel Costa,maickel.costa
81a9c775-e9f9-4ee9-a124-afbf38ab95e3,Alcides Maidana,alcidesmaidana
bcf3c217-04e6-4a0b-a80d-3192dc776e6e,Zoraide Romero,zoraide.romero
ebf52b0d-a981-4b55-95df-47f9e6dbc826,Suzanny Rezuth,suzanny.rezuth
377c9824-bf56-4da5-8314-05dda7f32254,Louise Vilella,louise.vilella
ebf2dbdb-ded2-4d53-9885-f4feed2f8322,Jackeline Schuina,jackeline.schuina
f9d8ec6a-4f5d-4b81-ab2c-a8cc08658c7d,Nicholas Spncer Holz,nicholas.spncer.holz
e1c8990b-e842-4758-822a-52a1fb2e3052,Grecileide Elem santana,grecileide.elem.santana
ac50bdf2-171f-4f3d-ae2e-fe598dfaaae3,Joyce Gualter,joyce.gualter
e4026bb8-5918-4b0f-b0f3-d2ada843989c,Jefferson Naide,jefferson.naide
080492f6-8f02-4510-a7e5-3da36ada4085,Maciel Serra,maciel.serra
dbc94b47-295a-48a2-85df-0cf41c545046,Andrezza Charles,andrezza.charles
990ddf06-babe-4e61-9965-1c128ac7e27a,Newton Norberto,newtonnorberto
23644ab5-ae05-4152-87c9-94a8c3f43716,Valdineide Acessorios Ghirardelli,valdineide.acessorios.ghirardelli
faa2d6fe-8528-44dc-80f3-68d36f956c35,Deyvid Mata,deyvid.mata
01acaf02-fb91-4818-9b2e-1e5492289a93,Jorge Olivejra Prudencini,jorgeolivejraprudencini
4c30a8ac-202c-4be7-b408-64031847df50,Evelim Regattieri,evelim.regattieri
d7884f62-1790-44f1-ba6b-c49e03c74891,Margarida Garroti,margarida.garroti
85554dbe-e5f5-4914-91de-6519bf4de860,Annaclara Izabel Eiko,annaclaraizabeleiko
fd39cbb0-2438-47fb-ada9-28e6fa2160a5,Jucilene Adolfo,jucilene.adolfo
5564d2e8-cf15-4bc0-9720-cb39a2026fb2,Liza Borsatti,liza.borsatti
344e747c-3d00-4f40-8fc6-d31e6780cd34,Cristiane gomez,cristiane.gomez
91a85fd7-885e-4745-a2f4-9008ca1b5ce3,Damares Tabosa,damarestabosa
96e102d7-6a98-41a9-9d03-5e98e011f009,Kleiton Negreiros,kleiton.negreiros
9c007846-8c93-49aa-9ecb-b485266c0c75,Ju Mauro Zucoloto,ju.mauro.zucoloto
6690e090-13ee-4c9f-94ef-d62af1cbfd89,Hitala Cunha,hitala.cunha
d75466bf-401b-4c6d-a20b-5feecbffce32,Iaila Fellipe Luz,iaila.fellipe.luz
60dea9a9-428a-4ba8-a223-94de1828fac7,Henrique Murta Belmiro,henrique.murta.belmiro
a917d02a-93c5-4ddb-a558-4b721a398c88,Edilaine Ludwig Aguerre,edilaine.ludwig.aguerre
80ffdc87-d09e-4e0b-bec8-d63ff1a9a0f6,Leilde Viola,leilde.viola
89777beb-b13b-46ba-9ba6-3a409239b083,Ketlin Augusto Agio,ketlin.augusto.agio
2014ff19-fd12-4806-a78b-3288bb09d341,Jordan Ritter,jordan.ritter
3b8c058f-3650-4e76-a38d-b1dc49ef4d83,Breno Livramento,brenolivramento
3b4375bb-642e-43e9-a315-4083a6d40103,flavio Agostinho,flavio.agostinho
4fed9265-353f-492a-9739-bd18f0b93ba2,Hernanes Sargento,hernanes.sargento
1f6072b8-0617-4728-b4ff-f7c413d95944,Ocileuza Guaita,ocileuza.guaita
5ace8f64-81b8-4f92-b55e-96420db90be5,Melany B.,melany.b.
7d23102b-1727-4be3-9079-9536948f8d07,Antonino Andreina,antoninoandreina
2a20cf33-aa22-48e6-be8f-2104a3ea7920,Ines Jacquiminouth santos,inesjacquiminouthsantos
129ebd69-635d-4f3c-9dd3-418c6400e087,Waleria Rossalino Ribebeiro,waleria.rossalino.ribebeiro
bba1a88d-42e9-4501-8e52-5d982457c3d0,Turibio Catia,turibio.catia
65ac83ef-3b6c-4984-82a8-b2c035cfa479,Renilson Quidicomo,renilsonquidicomo
6b632d4e-d20c-4d80-9289-5401813e41f4,Ananda Yanik Prineiro,anandayanikprineiro
dfdb2c29-0295-4a6a-ab8d-91cbbdf81cc5,Bia Taveira,bia.taveira
35436859-d44f-441a-96e9-b9511f8c1fac,Darci Calvi,darci.calvi
e3c26f25-f2b8-4038-ad71-a32e9bd796bd,Romualdo Narciso,romualdo.narciso
5d3f31b9-bc5a-477d-8247-60277e89ff88,Bruna Morelato Leopici,bruna.morelato.leopici
e75c914a-72ee-41f4-bbfa-641d59edba10,Edmilson Cridtina,edmilson.cridtina
98fd6562-6483-469b-9191-4fa25b3cbc77,Jocymar Garcez,jocymar.garcez
50c5ce93-4553-4e7b-a1ef-72285b9556f6,Keliane Heloisa Paloma,keliane.heloisa.paloma
552ccd15-9ba0-4284-8428-3c548da84e40,Vlademir Luane,vlademir.luane
8d4449d9-e125-4ed5-b074-75eedeaaf5af,Ane Keslley,ane.keslley
7a5c09e0-c926-43e7-bb7a-84ae48c9310a,Iuri Cibrao,iuri.cibrao
29a9f62e-68b2-46b1-b24b-6b997809888e,Ines Rebello Francisco,ines.rebello.francisco
71caa8f8-e3e9-4b0a-ad03-62ca7c8614a6,Warlisson Lucas,warlissonlucas
ea28a18c-88ee-40ef-ad2d-27071d25d28f,Magali Nunes,magali.nunes
ef729086-1a87-4f67-95e8-e4c19f0f4fa5,Weverton Bandeira,weverton.bandeira
6202b0b3-7704-437e-9808-568cd7fa1a7f,Deidiane Lolo,deidiane.lolo
2de2e4eb-fe43-453f-919b-5ed097d02f44,Kauane Francisca,kauane.francisca
dfec3452-8aac-4823-b739-8a6f75ec8937,Anita Cometti,anita.cometti
5924cc4d-7b60-458e-9177-ca654774ff08,Raiane Troncone,raiane.troncone
557a8193-aa2e-4f3e-9f69-8523a333c220,Rubem Blunck,rubem.blunck
11618859-5e8c-4cbb-9ad4-fa869860b26a,Malu Lira Souto,malulirasouto
a66df4e1-d14c-4c6e-9f92-83ec41242789,Manoel Catanho Note,manoel.catanho.note
dafaa3a6-caf8-4309-a575-30b190ed82eb,Stefan Gonzaga Ivete,stefangonzagaivete
5076b3cb-7e9b-4537-92e2-d305b48e91d2,Jarbas Wermes,jarbas.wermes
bd1dd3e8-3cf9-40a1-bf71-11f33134e13a,Marcione Mrad,marcione.mrad
dcb08d6e-d75d-4979-a5ff-16168f356bf2,Estela Rozario Ladeira,estela.rozario.ladeira
66a87361-95f6-4542-be07-430645885e6b,Aldo Wanzeler,aldo.wanzeler
b0baf831-f393-4392-aa04-a754c6b17f28,Djalma Flavia,djalma.flavia
f3f1d473-adb2-46bc-988d-4a65e5c5eaf2,Nilcemara Holsapfel Coura,nilcemara.holsapfel.coura
ef722e9f-f785-4f90-8a91-d7835b5b78c0,Everton Nascimenti,everton.nascimenti
f93e1f90-eaa4-4666-bca0-6aab106f182d,Adelson Jacob,adelson.jacob
27cbca08-e968-445a-8b8a-5ff586df050f,Brasi Kawamoto,brasi.kawamoto
11665f83-62f4-4b50-8fb2-fa35b31753ef,Andreia Biano,andreia.biano
cb6aeb67-037e-497c-bd85-ac00742f6327,Audy Daiane,audydaiane
804172d7-798f-4deb-a6a5-4c82eb37bc3d,Gleizeane Rejane Brambila,gleizeane.rejane.brambila
be494fec-7f28-458d-b2ae-20f652c40cf8,Richard Pinto,richard.pinto
a6b5f2c3-1aef-4931-a47f-561515a6592f,Xavier Kiyoshi,xavier.kiyoshi
d832c064-25f3-4b48-a104-cf94bbc4c0cc,Suelia Brito cunha,suelia.brito.cunha
715153c1-b063-4201-9f6d-b776577bc888,Suyane Roncete Suellen,suyane.roncete.suellen
acf8b1e2-ea70-42a4-9d15-3b00c20004e8,Anoar Trancoiso,anoar.trancoiso
aa7f998d-b9c8-44aa-a046-0dc65b4e25a3,Dionisio Pastoreli,dionisio.pastoreli
8c017b67-2cfa-4f91-8585-f57511fabbf1,Shiva Avidos,shiva.avidos
67c278f7-24e2-4144-9311-5bdd60baa15a,Pericles Malovini,pericles.malovini
6c62a29e-d00c-414b-be59-e3be05ea17c6,Josenilson Concebida,josenilsonconcebida
5052be0c-5c28-486e-b6f2-86d158259cbb,Jeovana Witt Astrauskas,jeovana.witt.astrauskas
2b9f834e-2749-4f82-a370-ff9836b69288,Tathieli Anacleto,tathieli.anacleto
9225ab68-a5c3-4dcb-924e-6b11cff40cd0,Andrigo Q. Palace,andrigo.q..palace
8b71b2fd-f097-44a3-93cf-472697b248fb,Vitor Pria,vitor.pria
369dd163-5729-48e6-bd4e-fbd32583dc6e,Rosaria R.,rosaria.r.
bd104e4a-cb9c-499f-9878-fc09203782d7,Leonnardo neves,leonnardo.neves
e7a90375-bb3c-43e0-b406-692bc87a40c0,Otaisia Slovak,otaisia.slovak
a233163f-5483-4ccd-92b0-d2f560540d7b,Nijed Tereza,nijed.tereza
b21711ce-0d36-4013-8f16-79317db8d8db,Maisa Abdrade,maisa.abdrade
37ca5bc5-7038-4112-be6e-5028667578d9,Elencarlos Matteucci Humberto,elencarlosmatteuccihumberto
df60eb70-6861-4aa9-8079-1e8e29e2f3c7,Sofia Sinopoli,sofia.sinopoli
51d004cd-c869-4fee-a354-9f3a9f19e0d7,Rommel Carvalhp Soria,rommel.carvalhp.soria
ea8964d1-3cb4-4041-88d6-96b73acc0840,Leilde Moron,leilde.moron
277d008b-427d-4c1e-b1fa-0920854ea414,Geisa Eltink,geisa.eltink
ee59310e-4207-4bda-b2fe-69d7761bf623,Iasmin Severo Lorenzo,iasmin.severo.lorenzo
86da6314-8980-4a6f-a74a-8872f7f2fe14,Gizeli Wellington chaide,gizeli.wellington.chaide
afe40d01-3be1-454c-94c4-330bfe7cecb0,Giordano Kemmer Regattieri,giordano.kemmer.regattieri
dad9a7bd-a7ee-4def-adc9-c4af85b1da16,Alecsandra Canicio Lino,alecsandracaniciolino
3a5a38c3-c35b-4123-98ff-e8b21214c05c,Lucileide Rosal Suelen,lucileiderosalsuelen
66e2aeb5-12cb-474d-92df-14c2f56597d9,Walyson Mauriz,walysonmauriz
c4e7f2f2-6a72-415c-b6a6-522421aed95d,Candisse Max perreira,candisse.max.perreira
ea7ec818-27c4-4b68-8335-26a2c210eaab,Alaine Everton,alaine.everton
9d1039fb-0eb1-4ccc-9d17-c33e47e76042,Augusto Nicacio Guilen,augusto.nicacio.guilen
8778c238-045c-4c68-9cbb-553a348e1bcf,Monieli Megumi,monielimegumi
2107036f-4e74-41f5-bda1-96171c8838d3,Kauan von,kauan.von
0ba5876e-71b5-457d-8a6c-0598022b4001,Acacio Michael,acacio.michael
e38d2820-6cb3-4123-8c5a-4c5153f5dfef,Veronica Ribas Sandeson,veronica.ribas.sandeson
a0c5b59c-760a-4bee-93d3-ea25fa161958,Iasmin Beggiato,iasminbeggiato
3836e69c-252a-46f0-aca5-397bbd6ec542,Eberson Garroti,eberson.garroti
52a12148-d117-467a-b042-879ff4916e91,Agnaldo Senne,agnaldo.senne
1c8cbd93-7f3b-42d7-99e3-525ab29b0e08,Aguinaldo Costabeber,aguinaldocostabeber
5052822e-8b7a-47a5-81b6-4e712e34addb,Antonino Dourados R,antonino.dourados.r
d7cb1391-7c72-497e-8d1b-478aaf9e3fa3,Gislaine Ribebeiro,gislaine.ribebeiro
05bcaa00-2223-4330-a9d4-44a020d2bd88,Gleizeane Weber,gleizeane.weber
8e9adf70-8b87-467c-a908-f4103a863db6,Sidiney Rossi,sidineyrossi
d1d7b5b8-6f03-4572-9418-5e4512d41ebe,Gioconda Sposito Cia,gioconda.sposito.cia
233e2acc-3395-47ad-ba65-b865ce08fa31,Divina Komon,divinakomon
69995af7-3fc1-4ad2-9ed9-e99565a229cb,Estefane Marins Najdek,estefane.marins.najdek
ebb7cf71-401c-42ac-b7c1-c612af9e0a57,Kele Dutra,kele.dutra
3dd9ac6e-7c61-4a72-94fc-7e149f0dfc0e,anderly Hartmann,anderly.hartmann
a661a22d-2f1a-4572-a78b-a1902d05501d,Ilenilda Sergio PEREIRA,ilenilda.sergio.pereira
dad40ff1-65b8-407a-ab3e-a048e933f107,Karlley Christian,karlleychristian
e4244b3a-de53-43ae-9e23-3adbc1c70723,Miguel Copette,miguel.copette
8cbdd589-4fc9-4d08-a0c7-1b30ae4d8a63,jediler Pompeu Maiara,jedilerpompeumaiara
6effc380-261f-49d5-b897-ba94ae097899,Maryangela Fadoni,maryangela.fadoni
a765850c-b561-42c6-8bf4-1e1cf5c37b73,Amaralina Abraham,amaralinaabraham
5828fbe7-a758-4cc6-9a73-57c8a0332ad6,Christopher Reid,christopher.reid
039bde4e-8893-4215-98e0-19dfeb7d4f36,alice Ferroni,alice.ferroni
434be7ed-d1f3-4320-af6b-a8e05f02e1b6,Halanna fagner Gabriele,halannafagnergabriele
2a60c6c5-938e-4b94-b242-e26d5d7fbb7e,Antonita Miramda Guidorzi,antonita.miramda.guidorzi
908e694f-bb7c-4885-a3ce-13056676d3f1,Iago Roger,iago.roger
d926e41a-e3b5-49fd-9869-4d822c1b4998,Edneuma Juvencio Doria,edneuma.juvencio.doria
7d06bd19-3d98-4318-819b-5046585bfdc8,Aldenise Lidiane chelequim,aldenise.lidiane.chelequim
9f7e9a9b-0baa-48a9-987d-6e533d64d941,Rosilane Moura,rosilane.moura
d4bc6646-d572-4604-842f-eaaa397564ee,Heliton Melari,helitonmelari
a3531d69-5127-460d-a840-e2161224cda2,Mayara Miyake Slovak,mayaramiyakeslovak
2a3c13c9-b31a-4e69-9d4e-ca249e49fe55,Elda Tiago,elda.tiago
7e889677-313f-40ac-a3b8-f7fa11519b39,Roberio Bragatto,roberio.bragatto
901e4be6-f291-4cd7-88fa-8bc84ae01bdf,Jadilson Virgens,jadilson.virgens
d597fe2d-3e58-49e8-9819-3527afd3d196,Rondney Canavezzi,rondney.canavezzi
8bdd84c9-a9ae-4730-9808-ec80b0281a0c,Lucileide Christine,lucileide.christine
e0b5066d-c690-4893-8635-8b83211022ce,Stefany Emanuel,stefanyemanuel
4177ed52-ac74-4614-b8da-abce014e0862,Hamilton Fundao,hamilton.fundao
04d0caf3-0c63-45b8-8976-88826beece9e,Willhian Holsapfel,willhian.holsapfel
a087e791-9684-4f8c-85af-ac69fc57b38a,Edgar Tavavares Roseno,edgartavavaresroseno
ee1fd77c-4561-4b28-816d-ef8fa30e45e5,Valcir Michel,valcir.michel
39280990-cbce-4a65-9548-d855c59d6ba9,Rawane Salles,rawanesalles
aaeab47b-32e1-41d6-ad61-abdf80d5d970,Eliabe Matta,eliabe.matta
b28faadb-e94d-48d2-af3d-4193c746f7e3,Juan Kimiko,juan.kimiko
c645e37a-13c8-4add-bc35-c6b108b94218,Andetson Rinaldo Lessa,andetsonrinaldolessa
e5137ac9-af7d-4c60-b5ba-96dfab450827,Mislaine Meurer,mislaine.meurer
2c64ef39-fb64-456a-8763-024c898a058d,Jane Murta,jane.murta
99639701-47ff-4135-b202-c4c0d8c3af76,danton Longui,danton.longui
0a1ed646-e863-4e22-b895-678da53784e7,Adalto Nazario Pedra,adalto.nazario.pedra
7bbc05b2-5190-4cb4-97ef-1f6af403336d,Saniele Elizangela,saniele.elizangela
3e6de12f-6795-41d4-86d2-1efd4f81a113,Janilma Ikeda,janilmaikeda
3fe73b3a-8c44-4b2b-b15d-75d0c4981b9c,Diogenes Rebelo,diogenes.rebelo
0ab19963-9666-4ad2-aaf2-f8dde36095b4,Bricio Maguie,bricio.maguie
9a04713e-9b4b-44d6-8772-005f8d2dcb4f,Taiza Caram,taiza.caram
a526ee46-73ef-434d-a90b-5b43ed9e7c14,Paulina Brandes,paulinabrandes
ed16a813-ddc5-424d-ab46-03aa36833b3b,Edilde Guidone,edildeguidone
805e31e9-cbcb-45dd-8a94-93e592134cba,Rosangela FLAVIO,rosangela.flavio
536a2242-1eb5-40d9-bcac-cbd6e5cac4e2,leonel Jeremias,leonel.jeremias
8ac4c51b-a264-4cb9-a884-982d3eaaf36a,Aderaldo Fernnades Aguiar,aderaldofernnadesaguiar
b3d5b22c-e658-4660-999f-484393927dcd,Laoana Trezza Orlete,laoanatrezzaorlete
1b41fdd5-5096-4a15-9316-3658c2d09ca1,Rosigleide Tabosa Anjos,rosigleide.tabosa.anjos
1227db9e-c9fc-4473-b93b-bb6563352f84,Lidian Barreira,lidian.barreira
bd860031-3ce4-4c66-96f3-eec07a96cd3c,Luzivania Virira Elis,luzivaniaviriraelis
193380de-9b78-429f-8067-67932c84a646,Everson Laiane bastod,everson.laiane.bastod
3188da39-8ce4-46f0-beb9-33ef0439092c,Rania bastod Nico,raniabastodnico
7c830cb2-a712-49d8-8d6a-d263f68e0fc3,Vanderlane Comparini Sandre,vanderlane.comparini.sandre
d006e68e-c6a6-400f-9bfd-aec8c2578020,Ronyelsen Catalano Goyanna,ronyelsen.catalano.goyanna
c8691502-e00c-42e3-b155-ec8e2ddb2553,Ivina Grecco,ivinagrecco
10958926-3789-4eda-b375-7c18ad07bf5c,Dirlea Arrudas,dirlea.arrudas
0fffb0c0-c65c-4525-a85a-924815881d42,Melissa Suelen,melissa.suelen
d2918307-91b0-4418-9c33-90b153a0b7c8,Verissimo Steffens Nader,verissimo.steffens.nader
c250d652-a637-475e-a99b-66e2e0258f22,Walison Troccoli,walison.troccoli
25e51d1e-8faa-4d6b-8b09-1100c31d933c,Eloisa Locadora,eloisalocadora
86a62ea7-1df5-46b8-8c22-7cbea94f0990,Daricio Chyla,daricio.chyla
bb1163ca-fc29-4af0-881d-9da35885ae21,Alline Picceli Genesio,alline.picceli.genesio
745bf0f8-68b5-4f9e-99f8-67996f4c9f28,Roger Madeira,rogermadeira
1f253a6b-3efc-47be-9382-46f7f16d7996,Aldenise Maia,aldenise.maia
97cce5cd-742e-47d3-8248-0c9b115d7e2f,Klayton Linzmayer,klayton.linzmayer
a94611d5-0411-4e38-8477-c28388dd341b,Larissy Lastorio,larissy.lastorio
8ad1a05d-b60b-4324-a299-4a1fdd276c5a,Weslly Gabriela,wesllygabriela
fb65eb4b-b44e-4ad3-9e28-9b214ffe7360,Graziele Ravena,graziele.ravena
48f806b5-4c9e-40ab-891e-18bee068b0d8,Jw Pugliesi,jw.pugliesi
5e37a090-12a8-469c-a73e-5a3a7c64e8e9,Lussandra Campanha,lussandracampanha
2dbce77e-0b5d-4a12-8105-70fbe75b28bd,David Tito,davidtito
a3fe7912-efc6-46d6-8566-f8e624641a5d,Daiane Vitorio,daianevitorio
a52a7b79-e3d8-41ad-b707-3dc58ced9940,Graziele Bahia,grazielebahia
43e1b7fe-aa54-48e4-86e8-e648045db9bd,Terezinha Oliari,terezinha.oliari
3fae0af3-f8c4-4f59-acbb-42aa83abb1f5,Rosnei Rossi Barroncas,rosnei.rossi.barroncas
22604ba4-d0e3-47b8-a784-6b9aa77b95c9,Alcione Aviz,alcione.aviz
76c9aaa8-023d-4394-96ad-04efc2f98ada,Elia Donizete,eliadonizete
630b693e-b6f8-4c62-9410-43a55248fdff,Saraline Cobra,saralinecobra
edecac96-7590-4c9b-8188-843906fcde02,Jarlino Schatzmann,jarlinoschatzmann
4b2cb606-29c3-48ec-bb7e-e006668a9ba0,Girlene Cordiolli,girlenecordiolli
881068df-5303-47d8-bebd-59edb7099852,Luzanira Gaigher,luzaniragaigher
789e4538-9178-40dd-8680-08f032458060,Fabiany Adriana,fabianyadriana
024472dd-0f14-4454-8cee-26078bf68634,Nilvana Miller,nilvana.miller
147e7461-d7b5-42af-bfc2-45fbd1820ed9,Stefani Z.,stefani.z.
a66ef929-9a3d-4311-a69c-99395594d304,Kessia Acelino,kessia.acelino
67775bcb-2392-4b0f-9e2a-712e87f1fffd,Mayhumi Laiane Fressato,mayhumi.laiane.fressato
1e7f54da-a626-48dd-b733-a157ce0f8eac,Tialla Crystina,tialla.crystina
25e3328c-015c-4b2e-bf72-0fb419326d4d,Verissimo Trajano Raiane,verissimotrajanoraiane
d8f84938-1708-48cd-8fec-cffcbdfa227c,Gabriella Viberti Maganin,gabriella.viberti.maganin
0fd28665-3e48-4872-88bc-2cf286a1972d,Ivanilde P.,ivanildep.
bafb6a3c-cc4e-4781-b4db-634f6974bafe,Jasson Informatica,jasson.informatica
0187e8bb-4528-49a3-8c62-fe0f8519bf44,Dainei Amm,dainei.amm
8ad71573-e7f6-4694-b795-4193343f69e8,Stefani Mathielo,stefanimathielo
6bfbcaf7-dc37-4797-9ca8-e0397c0858ea,Shiva Ouro,shiva.ouro
c122000c-d659-4738-8a1e-5cbb0b24fd93,Telmira Mattis,telmira.mattis
be95234c-d7ea-42be-9d11-149cfffb3f3d,Celio Walczynski,celio.walczynski
72ac2d90-6ea9-414d-8b6e-2a31e0a56239,Gioconda Katherine,giocondakatherine
af9de5e4-8d7d-47cb-a984-f83556d757b6,fabio Lupi,fabiolupi
29cc2b09-da5f-4f19-b145-836c8404ef4d,Loraine Karnopp,lorainekarnopp
1283f052-37b1-4e82-8e25-170669dc13b7,Bethania Soledade Botelho,bethaniasoledadebotelho
8a57bcf4-a990-47a1-9e0d-b8570bcaddf1,Atila Damasceno,atila.damasceno
c44e42fc-735c-4801-8095-2bd60213f6ff,Jesiane Isidio,jesianeisidio
431bbcb7-8dfa-484c-a3a6-178fd33c0dba,Adalberto Bruder Fialho,adalbertobruderfialho
dc742a29-140a-4daa-a3bf-ced351625b7d,Michel Ottoni,michel.ottoni
c1e0e6d1-27c5-44ef-a8da-aae09e0ca99e,Eliene Perim,eliene.perim
e4cc91c2-cba5-4030-bc80-07e114aab59a,Cleber Fialho,cleber.fialho
35631538-ac72-46c3-8970-ab09729346bf,Odineia Louzada,odineia.louzada
d6ed771a-6d24-4de1-aebf-1efa337f8aab,Manoel Frade,manoelfrade
cf3bf49b-4292-4ca4-bb95-004e9d769a3d,Cleiner Dib Fabiano,cleiner.dib.fabiano
29d1d035-4dd4-4a60-808b-01e5d46182cd,Dirlea Dantas,dirleadantas
c5516bcc-1248-4892-80c9-4e6d4e47f836,Edmar FLAVIO,edmar.flavio
fd743a98-5894-4c52-8f0f-646ef5dcec95,Hair Adamaria,hair.adamaria
9c4bd4b0-82da-4a2c-9097-481696cf9a54,Patricia Borges,patricia.borges
f5c44115-00c1-42bf-aecf-2609983e6097,Josafa Ronchi,josafaronchi
49edcdcc-e6c3-4793-94fa-fe55dd2f6fc2,Debora Imperial,debora.imperial
d22aced3-e4cd-4d2a-a95d-f9fa72004391,Giorgien Saleh,giorgien.saleh
4c3ba6e2-0e13-49a6-ab26-a71ff72091dc,Andrecson Andrew,andrecsonandrew
094e7c00-07ea-4b2e-9dde-74a802f0996d,Candida lopes,candida.lopes
3930b570-537f-49db-aa1b-22cf57c65d08,Nielen Ginzaga,nielenginzaga
3d2dadac-7c31-40ef-ab68-9a154202af25,Icaro Long Taylor,icaro.long.taylor
5643c64b-2802-4671-98a9-3590209b1522,Ethiel Benedito,ethiel.benedito
cd211e92-8136-4d55-a60d-36f6c3ea7adc,Roney Perovano,roney.perovano
cad07dbf-fe61-44a0-90ee-0d9ce3fd9383,Francielly Cristhian,francielly.cristhian
3fc79d1e-b152-4820-9816-da32d7300132,Priscilla praxedes,priscillapraxedes
28fdd708-9601-42ab-ad1b-eb08b0244a15,Carlos Palhares,carlos.palhares
445078c4-2289-4cbc-801d-54c49a060869,Marlon Amatherasu Bacelar,marlon.amatherasu.bacelar
1e941307-8109-4808-b63a-4913e634742d,Juliano Peres,julianoperes
1c7bcd3a-8599-4d16-a823-0960a8bc1761,Vania Ludovico,vania.ludovico
b6405b57-82c2-4b8c-9d8e-a6e951d8e680,Loiza Comba,loizacomba
b1575aef-fa49-462f-9c99-e7080408a147,Thalia Drudi,thalia.drudi
abc90198-3c23-41d0-a33d-1654a8f780d0,Wallace swelk Schuab,wallace.swelk.schuab
b890470a-b945-47fc-911a-e3a6876ad88a,Jenifer Iost,jenifer.iost
47c7dd7e-f4c6-4b9e-b6e2-00d61e909141,Verissimo Dominique,verissimo.dominique
53b508df-8d60-495c-8c55-1e6334d58c2f,Yandra Cypreste Sobreira,yandracyprestesobreira
f14771dc-d453-4fb5-b06a-4d1a191ed692,Daricio Bonfante,daricio.bonfante
a1b27d50-9f8c-4588-bf4e-fc655d719914,Dionisio Celestino,dionisio.celestino
9752a228-2875-4613-bf0c-766c8a65997d,Rosalina Clecia,rosalina.clecia
6214d869-c0c1-46ed-b4fe-b6bceae343fb,Martha Mourao,marthamourao
aef9bc0a-1b0b-4f2e-a600-5ae47b02d735,Romulo Voloch Giannini,romulo.voloch.giannini
aa472297-880e-484a-9f22-d66883bef6c5,Sarah Barreiros,sarah.barreiros
05400e38-bea2-473b-814b-406af4d98774,Ivanildes Karla,ivanildeskarla
af04d510-647e-4f99-82ea-2d3ca4528814,Kessia Eudocio Cau,kessia.eudocio.cau
e00f2f4a-dc68-4c3f-9870-5c3480586bf7,Welison Alice Paz,welisonalicepaz
f0d44044-9dc2-4fc6-b6bc-2420be2eeccd,Gleyce Toneto,gleycetoneto
e0a44121-74d0-4ca1-8887-88c010a44770,Agnes Timm,agnes.timm
64e2e4f2-bf4f-4fca-b31b-e40cadc4a5f8,Laisa Guido Diogo,laisa.guido.diogo
50d28e50-9242-4133-9e81-25c7233220b7,Esther Marco,esther.marco
77831abd-ac60-4bca-b0ed-953ec04ba6e8,Estenil Burgarelli,estenil.burgarelli
bc5ed7d5-4c9e-4c6b-8f5b-0001afeb4d70,Chymene Ap,chymeneap
b1de6fdb-f8b1-471f-ab6c-01f75b872392,Josangela Nucci,josangelanucci
4cefce60-e7ca-465e-abcc-d1c6cea0dded,Paula Barbosa Rutty,paulabarbosarutty
3a953ac0-e8dd-4656-bcd9-f70a8b8d49f6,Dieny Queiroz,dieny.queiroz
61089bd5-0a41-40d9-bb6e-22b7e8534b95,Joeliton Rosemary,joelitonrosemary
920b7a86-fb92-4573-a213-7d2f1007ba49,geovane Cicconi,geovanecicconi
c0ba1b74-f310-451a-b9ab-7bedf590dd7b,Silvina Hamaralina Akl,silvinahamaralinaakl
c70dcee3-ec2d-4d23-ace4-c3da114d4d3c,Jocenildo Jales,jocenildo.jales
720c83d1-c8f5-4640-a633-36572e456e04,Walison Morale,walisonmorale
136f816e-dba8-4d62-a708-36e9fbfedb27,Catarina Bavaresco Borsari,catarinabavarescoborsari
dd4c15bd-b095-447d-bf4b-6b5a3498145f,Alcina Tabosa,alcina.tabosa
685f348d-2d1e-4d46-9911-48004f386b78,Direct-Peru Fatina,direct-peru.fatina
f1b43249-9cda-43b1-b27e-d77ac53203d6,Ronald Stov,ronald.stov
6559d801-c692-4af0-a81a-b77323a57432,Quelen Montico,quelenmontico
c2a660e3-f196-42e4-995d-5f3ab5c1906d,Jandira Grecco Tedesco,jandira.grecco.tedesco
180a5abf-e105-4d17-b31e-5d4a47cfe91b,Vladia Salustiano Inocencio,vladia.salustiano.inocencio
9b8c628d-f23c-4dc4-87d4-778b35624bf9,Samuel Carlesso Bernardina,samuelcarlessobernardina
13603cba-dc1f-4778-9093-f33f5a0540e5,Gabrielly GUERRA,gabrielly.guerra
f3e6b79e-3561-4bd6-b89a-cb920cf53f26,Therezinha Livonius,therezinha.livonius
7af04080-b590-4f5d-b701-3ebbbb9de155,Rosiane Steffens,rosiane.steffens
81c67b74-cb25-44bb-87c3-6cd4c285a6ee,Zoraide Fraga,zoraide.fraga
8ad8ab96-ab15-4bfd-b0f4-95b5c9277559,Suzany Delmotte,suzany.delmotte
ba93669f-1c8f-41ab-a061-cc9cf5d2bf15,Melissa Rosane Onwura,melissarosaneonwura
0b2123c9-043b-4b11-a91a-3a8b99eac158,Edilanar Ares Barbosa,edilanararesbarbosa
d39e943c-bdc8-4b6f-877d-69646d32cc0c,Alessandro Luma,alessandroluma
74389f45-108e-43bd-a139-0d84cad03a8f,Rieme Andriel Lozano,rieme.andriel.lozano
55bb7734-48e6-4c33-922e-e8b5479ef731,Ludiely Ponte,ludielyponte
efe00496-bc76-4192-bb9b-1acbd04be623,Sendy Ferreiea Fazion,sendyferreieafazion
d9349c4a-bb3f-4fa8-8717-102c2ac1ea24,Eleniltom Zanello,eleniltom.zanello
03a6ac93-054e-4ab4-973e-b549c8dfc23c,Regiane Dondoni,regianedondoni
b7c3c944-9652-4340-b137-c8b31cf83511,Cidonio Advansa Raposo,cidonio.advansa.raposo
8bf3b7f3-16e4-4237-becb-dcedbbeb855e,Wagner Vitorino Abreu,wagner.vitorino.abreu
597546e9-7e7f-4313-8587-9a51f8fc7012,Joniel Rebuli Laiane,joniel.rebuli.laiane
4800a4ae-e415-4bb8-a158-a53c27e8020d,Jade de,jade.de
24ad4d99-8152-43fe-8d73-599814018f98,Midian Vita,midian.vita
f4879444-62aa-4946-814b-54f08f272527,Christiany cista,christiany.cista
cb8eeac5-5a8c-4755-9f4e-08c02185cfe9,Sandro Castadeli,sandro.castadeli
668efb5d-0dc7-4128-8705-e7e715c8976c,Adauto Regina,adauto.regina
71199a79-27f1-466b-a683-0596e7b95f77,Jhonatan Cazw Santuzzi,jhonatan.cazw.santuzzi
e00deb89-775c-478a-8ad1-a1c26d03edaf,Hellem Gimenez Portigliotti,hellem.gimenez.portigliotti
58e1e8b1-05d6-4d5f-8369-1575cbe75e7c,Juscelia Schneider Merces,juscelia.schneider.merces
decdc53d-6383-41ea-8854-5a35a1ab7bf6,Daniela Callamari,danielacallamari
3f0174e7-fb6e-466f-8708-8cc341c11239,Edmundo Roland,edmundoroland
dbb98920-0676-4ecc-97e4-d1b0a1ad7174,Laoana Valentin,laoana.valentin
8d0eef02-3a04-4dc3-9361-339b62526157,Stany Marciano,stany.marciano
7daae4fe-cf83-45ac-877d-85bf924a7c71,Josangela Franciane,josangela.franciane
53d7d5ec-776a-4a5e-92ed-eb654b824b0d,Elieta Mrad,elieta.mrad
1eedba43-2fa5-4c58-aec9-ae9b79a1ee3a,Danielle Aragao novaes,danielle.aragao.novaes
6e03bf2b-c67c-4d5f-9e89-8e4a315e0c40,Edmarine Baptista,edmarine.baptista
3f137102-698c-4f24-a86a-4df8f4323f0d,Devania Tschope,devania.tschope
c9893ccb-3f14-4913-a464-ae977f28733c,Inez B,inez.b
f39008b1-88b0-4db0-97b3-59fe83a0f59d,Sawitri Multimarcas,sawitri.multimarcas
06cb2840-f2d1-4083-895c-798575e14a49,Claudenir Sarcinelli,claudenir.sarcinelli
4ed3de78-2290-43db-a85a-58c1c7739285,Cleverson Victor Vitor,cleverson.victor.vitor
6404118c-ff01-4fc5-930e-00b74916781a,Idelmar Fos,idelmarfos
d20ea817-4468-4894-9001-99f43179cf7f,Valdinei Thalita,valdineithalita
bc106fd6-877c-4d47-a088-52fb88412e49,Suyane Barrote,suyane.barrote
23aa9176-c4d7-4d5e-bad7-a3ed18607a26,Elizabeth Fialho,elizabeth.fialho
41471644-3058-4c33-8115-ce7a27bbbabf,Alfredo MENDES,alfredomendes
58d18ef1-1206-4571-9c5d-044f8e86e39e,Luciana Britto,luciana.britto
8f9330c3-7f90-4d97-b47f-d2c93e05e1cc,Iasmim Barsante,iasmim.barsante
84157ffb-e19a-474a-ae51-1c68afd7b451,Isabele Avila,isabele.avila
d08a4491-9308-4745-9499-dde4fef87284,Willianna Paulina,williannapaulina
9e06d9b0-bace-4ba7-95ae-24ff33b33a4f,Aelma Cleia,aelma.cleia
15e6e82f-9d14-4430-a4e1-0505d4247fcb,Rosane On,rosane.on
7be530ae-6f32-4fbb-ae42-d7210639d4c5,Liandra Cassio,liandra.cassio
c5caffea-334b-425a-a4e5-09e009a094bb,Vauliane Moro Giovanni,vaulianemorogiovanni
c4ae4711-a06e-4684-ac4f-85b3053ab51e,Alan Rolemberg,alanrolemberg
7fa924fc-99a3-4e03-ba10-ee6578dfb2e2,Jocineide Scapim,jocineidescapim
f604d52b-d453-4835-9a48-e4af984b44af,Liandra Karine,liandra.karine
bae9bbf8-2f59-4400-b971-81f98e19ef9b,Rossine Bucher Pellini,rossine.bucher.pellini
60867ab7-819d-4df8-94a4-123e3eecc0c5,Dayana Tolledo,dayana.tolledo
6a50d66a-7d17-4edd-ba06-f6d2298559bd,Daniele. Ssntos,daniele..ssntos
07d0300f-fa10-4211-abe7-5b9b85dc4ed9,Iraides Lyrio,iraides.lyrio
fdfabb1f-15d4-464b-9d9d-d06f98f8e858,Mayhumi A.,mayhumi.a.
6866855a-0f4c-491b-b785-45d08375c36c,Elita Vallandro,elita.vallandro
c7053f2c-a7fd-4e6e-9310-15e02cc53c73,Julyane Cirino,julyane.cirino
f91553c4-ed35-40f6-b8ca-ed27596e85bb,Cristine Dattein,cristinedattein
5fb0ef3a-b0b7-4dcd-b6ef-42afd8567005,Mirlane Julieze,mirlane.julieze
94b3e45d-f325-43c4-b3a9-07561477caec,Abrahao Pimentel,abrahao.pimentel
15b9d247-4852-42bd-beee-d8f6c0b9b1e1,Annaclara Niunfer,annaclara.niunfer
8dd6b833-f07e-4836-b099-9ae823fd6d6f,Rodrigo Rosa,rodrigo.rosa
113ee1f6-dbf2-465f-9b9f-aa3949308712,Mauro Charles,maurocharles
cd6e73cb-6ff1-4222-b4a0-6d15d315e9e2,Claudiomar Carmo,claudiomar.carmo
517adddd-4ed0-43f5-8493-6e89319cb775,Blandina Bareli,blandina.bareli
a6d2eaa1-cf5c-462b-9edf-3e4532dd54c9,Liza Dezan,liza.dezan
3ba162b8-1e88-4a48-9e5a-c5c719288067,Demetrius Pereire Giles,demetrius.pereire.giles
216667f7-dfc6-4244-a085-6034f76331c2,Debair Pas,debairpas
3d83c406-141d-49a9-984e-211ccad6a179,Candida Beier,candidabeier
16dd4648-c827-472f-8210-f3c0d6bc7259,Dhandara Nogueira,dhandaranogueira
ca887d5e-7cf4-4c37-b70b-712d478d9e94,Marinaldo Naide,marinaldonaide
17f2f75c-0f9f-46af-8daf-81b178bde217,Rubens Novaes,rubensnovaes
7335ef97-ef13-411c-937b-b5fc8cfe8891,Thaisa dias,thaisa.dias
cd29d29c-34a6-493f-b8bd-a43f5d663003,Jordanilson Dattein Valdevino,jordanilsondatteinvaldevino
4ba9eaa9-247f-489e-b97b-177ab8d7b25e,Wellinton Pietruszka,wellintonpietruszka
56ebf524-2cbc-45f6-a4fe-bfd0abec3a5b,Gleiva Ana,gleiva.ana
55458318-b9c6-42a6-9f09-a2e00501f691,Edimar Ghizzo Alisson,edimarghizzoalisson
cfead363-b5e5-44dd-a099-c3190daf9c8f,Carmen Ferolla,carmen.ferolla
2624b61c-6afe-4609-b6b1-79bd11b0ce72,John Severina,john.severina
d408bb1e-2b5f-40b2-86a4-6934617d431c,Kaique Serra Pompeu,kaiqueserrapompeu
bf6a9b00-5f0a-4e2b-a1f8-ce470d6a6019,Veraildes Fabricio,veraildesfabricio
53d13a72-d95e-4e54-8f2d-d9754b2bd878,Agda Caio,agda.caio
184cd5c8-a355-4759-836e-bfaa191570a4,Betania Angelina,betaniaangelina
29d18a0e-66b9-462f-8d6e-528a7ba16bca,Yone Lage,yone.lage
822f0ebf-101d-4c0e-a111-0c598257b45b,Iranildo Zampiroli Barbieri,iranildozampirolibarbieri
504b3491-d732-4c82-af6e-47050fe199ca,Soely Arrudas,soely.arrudas
57ff76e7-0b1f-4f42-ae94-f1cf5e4b2f69,Ronnet LOT,ronnet.lot
7818ff4f-5408-4c13-8bcd-d72f4b7e1bf3,Alderico Borcheidt,alderico.borcheidt
1fb891de-0039-4971-b84b-df1474cf797c,Josiani Zatelli Francioli,josiani.zatelli.francioli
e1290547-5a6b-4149-9436-e16a9da3e8f3,Edneuma Lozer Leardine,edneuma.lozer.leardine
13ba4f0b-8042-42da-b9fe-b77fbcf116e1,Maspole Nilson Mendes,maspole.nilson.mendes
c586b2c4-e11b-472e-87c9-c10e3247bdbe,Agnes Puppo Juvencio,agnes.puppo.juvencio
17e1ad29-b138-4e9e-aece-c15d03655572,Gismenia Carolina,gismeniacarolina
0785edb2-ec88-4d06-b65e-6c25f821c068,Daynara Bavaresco Carlucci,daynara.bavaresco.carlucci
745f0a96-e4f5-4905-bc6a-6c3636188396,talita Louzada,talita.louzada
49034a9d-dac8-4173-9600-5ce9ab626993,Sanderlandia Erdei,sanderlandiaerdei
9d0aa45b-5752-46ec-b305-946b73cd09b2,Catiana Pereita Vanderlei,catiana.pereita.vanderlei
f44bc898-53bb-4703-92b7-8892a801c7ef,Poliane Natalia,poliane.natalia
2f85ea7a-caa4-46ac-ae55-8cb3c2b1549e,Marcela Domingos,marcela.domingos
fc8f33a4-5676-4b7e-ba43-c6632c9ed7bd,Evandro Moraes Ulisses,evandro.moraes.ulisses
934ece5e-753a-4807-98aa-ebc09f495d31,Danillo Vierira,danillovierira
53bd84a8-f66e-4ea1-be3d-ac2099b78289,Earvin Cleia,earvin.cleia
d3af420b-a4f9-4879-bdd2-1b1220c8ed97,Angelyca Torcatti Esperediao,angelycatorcattiesperediao
d98a44fa-9c25-435c-9a5b-74ef603c1eb4,Flavio Sampaio,flaviosampaio
6b6892af-720a-43b2-b66b-235f7b9f096a,Cibelle Hosana,cibellehosana
fec3824a-4f46-4e5b-9d97-7a100a4e4b6a,Audy Bessa,audy.bessa
b6e12180-257a-4056-b8bb-c9fc4a7500ed,Leonilton Correa,leoniltoncorrea
1dfa3389-0151-4c62-b5ae-37ed50755909,Georgia Steinmann,georgia.steinmann
96d5ba35-8037-4c53-8f90-3fcf72f8a70b,Rejane Pevlat,rejane.pevlat
3eb0e168-c099-43bb-b44f-2b8b339b5e14,Vivuane Rossanezi,vivuanerossanezi
6e217667-8ad9-4417-9db9-7f749a21043f,Regina Piassi Guilhermina,regina.piassi.guilhermina
eb8d8a21-0056-4976-a61c-78612e9e5a26,Maylson O,maylson.o
f414f219-e124-4430-94ac-b5b431b0886e,filipe Chyla,filipe.chyla
d19a1268-f20a-4b9e-b2f9-cc6f3a64e53c,Eryka Aleixo Julieze,eryka.aleixo.julieze
d061ed8c-463f-4b64-acde-1c23009c0bb7,Elisiane Giles,elisiane.giles
5eba32cb-288c-478d-a2f1-590f24b785f0,Vandhesson Cleia Chamma,vandhesson.cleia.chamma
753609b3-8ed9-48b2-ae36-6b995cda63b8,Brenda Arie,brenda.arie
a4d6a2a6-4fef-442c-9c4c-24a401e8d2cd,Silvan Ap,silvan.ap
5707c8a0-e373-47bf-b8cb-df6dc334becf,Adriano Long,adrianolong
64d16af4-98c5-40af-8134-42a60d784621,Melony Ballardin,melonyballardin
905eec11-3b99-4ca9-981a-1494aca6709e,Glicerio Piccoli Lucier,glicerio.piccoli.lucier
9d55a55f-2cd1-4116-9487-a2e97bb47aac,Weldon Fontoura Simone,weldon.fontoura.simone
cc4ba167-3794-483c-b766-1149e01746a0,Adeilton Florintino,adeilton.florintino
bcf09199-91d7-4782-9f3b-b997b1d0095b,Silvani Canazzaro,silvani.canazzaro
dfe827fe-88e7-4ab8-8af9-451bef73b599,Thiarles Parreiras,thiarles.parreiras
03c9d1b4-f7cd-4751-a3cf-05cd61ab32c6,wallace Oliverira,wallace.oliverira
8ba0736c-aa1c-489e-865f-4e82e83796a2,Heli Vania,heli.vania
aeea4370-d72a-471a-b979-703cf32a6147,Vivuane Kamers,vivuane.kamers
b1faae26-b853-479e-be3c-67c4fb757c5d,Romerito Keslley,romeritokeslley
74a83092-8268-4d6e-9775-bb3f9a75070f,Ariela Ricardo,ariela.ricardo
fb82e189-eed0-4762-9599-bbd292bb1a1b,Jacy Menon,jacy.menon
a4de2ee8-3bde-4cf6-ae51-1eb99561eaed,Heitor Imperico,heitorimperico
31483cb7-83ed-44d3-8de4-9ac9667a0531,mattheus chelequim,mattheus.chelequim
3b49b66f-9235-4b77-990b-4abaa2168be9,Helbert Bezerra Teodoro,helbert.bezerra.teodoro
ef4679fe-997b-46d3-8462-00f935fd1439,Messias Perovano,messiasperovano
6de49b6c-18c6-4528-befc-b1a2812b6427,Vivian Baggio,vivianbaggio
33a7bb23-9c6b-4aa2-b089-9964d579a373,Turibio Vanoni,turibio.vanoni
36c5c0f1-4fc3-4134-89b3-59a31e4d8bb9,Jalene Geane Fr3itas,jalene.geane.fr3itas
ad20abb6-7132-4e22-b557-e1994ac6e734,Odney Brand Paz,odneybrandpaz
4e29e29d-0018-4305-ac20-8cb83c872037,Richard Starling,richard.starling
8bfb7a08-2fc2-4529-aa49-2ae4ded0505a,Jeronimo Dourados,jeronimo.dourados
28f7ea21-a2c7-4576-9845-53ee0f07c8a9,Graciela Sayuri,gracielasayuri
82f09535-fce9-45bd-90d1-25de1640511a,Mirelle Olimpio,mirelle.olimpio
62a8bd3c-2adf-4992-a7f8-9e33d1fd9603,Aluisio Liniker,aluisio.liniker
b616f3d6-16e6-4d9f-9816-ce3e9a5b1f93,Gezica Balieiro,gezica.balieiro
16bc9f41-bc29-4dd4-bbd4-c3088b8f2efb,Luciene Morelato Bez,luciene.morelato.bez
9750eebb-d2a6-4001-9906-c049927853ce,Ozinete Fagundes Cersosimo,ozinetefagundescersosimo
ae483bb7-b548-48b6-ba28-bc81f3496a29,Cinthya Zuccon,cinthya.zuccon
9e376870-d313-4d26-99ba-b88680fb0b39,Abigaiu Cassiano,abigaiu.cassiano
156b34e0-e769-4eab-8168-0b90fc93c02c,Yasmini Kuhn,yasmini.kuhn
ae8b508a-b977-4517-be59-1beacd1d0e47,Eleonoura carmo,eleonouracarmo
58761626-611f-431f-9079-3b2420de1246,Giselia Schueler,giselia.schueler
70efa802-f65f-47fa-a5db-d584fcb01734,Geice Pazini,geice.pazini
5e4a05ca-a8b4-4c15-a3d5-b3df7aa01df4,Araceli Trovalin,araceli.trovalin
0251ff5b-2543-41b2-9d86-61bb8ce66578,Edel Hortale,edel.hortale
dad52575-92e6-47a3-ab16-e58e7f05f2e0,Otavio Nilson,otavio.nilson
dc2c5347-ea97-44eb-9e6e-ff83440e64b6,Jordania Drugos Bein,jordania.drugos.bein
5286910f-ccce-481f-997c-9e7556cf62ca,Clovis Salve,clovis.salve
98dd47cd-aeb2-489f-ac14-2cee3d7b5781,Gilberto Aparecido,gilberto.aparecido
76338a52-105e-4d5d-9114-017336b3986f,Lucimar Thalita,lucimar.thalita
f74bf017-a148-4d29-bfb3-4dc1e6cf274a,Tiago Carpinteiro,tiago.carpinteiro
a0d0bd25-42f4-4d79-ba2d-68a72b3622d3,Alesandra Marreiros,alesandramarreiros
96b49445-474b-4f0c-a604-aa6ab251b38d,Flaviane Cinara,flaviane.cinara
95864d36-de2a-493d-926d-a6715bfdf7a1,Cleiziene Miranda,cleizienemiranda
ae19972f-fa1c-4abd-a285-0bd02fc8ae7a,Geovani Chinasso,geovani.chinasso
84a0ccae-8645-4ace-8420-90a8ee996e09,Nadia Faustino Mejia,nadia.faustino.mejia
784e0d1e-6824-4390-94a3-f453b4081fcc,Ieusa Heloisa Rissi,ieusa.heloisa.rissi
3062047b-fe1b-47fa-bf65-0fab6aa15ac2,Cristhiane Anhoque,cristhiane.anhoque
2337212f-12ae-4a09-a9ab-020f0eae85bf,Brandon assis,brandon.assis
17b778a4-a2e1-48df-b99b-1d32a5061d8a,Gisleidi Kordel Valente,gisleidi.kordel.valente
0da11e8e-04f7-4d5c-b3e1-50566dfec7d6,Nilcemara Zelindro Abreu,nilcemarazelindroabreu
5cdb9340-1662-47aa-9717-dbae6209f0f9,Larissiana Saura,larissiana.saura
d7325de2-03e7-4042-b67c-ba513b9df8da,Patrick Vannessa,patrickvannessa
32e6896f-269c-4577-a142-5f6a0b9c9cd6,Kesia romano,kesia.romano
232af886-62e1-4d03-91c0-9247fe26f159,Vinicius Fukuda,vinicius.fukuda
a8f9d0d3-7613-4eec-9041-5d4164adbd8d,max Whalker,maxwhalker
81d5c613-6544-44f7-805d-a5d298ec2020,Wheverton Simmer,whevertonsimmer
0ac72f4e-11da-48b3-9d99-954f96d380c2,Elisandra Aurich Pozzi,elisandra.aurich.pozzi
b3962f11-3b3c-4eb1-bc96-256f31c83324,Andre Kelechi,andre.kelechi
45ae9e87-1b5c-458a-b8f6-d14408a84cff,Stany Scampini,stanyscampini
8353f4d3-86b0-47d3-a247-e229660083f3,Gerson esteio,gerson.esteio
ddf38e0c-1afd-4aac-9bb2-0af8a829210c,Patrese Nucci Nahass,patrese.nucci.nahass
51baefb3-2c21-4982-9877-ce1bea17e08c,Jasson esteio Fazion,jasson.esteio.fazion
c9e3866e-1a28-41cb-bfd3-a2559163bb84,Flavio Naomi Toneto,flavionaomitoneto
83deecfc-4ad6-4477-8382-a7d309a0d4c8,Elielton Virira,elielton.virira
d8eb069b-4bcc-40f3-8b11-10acb52df629,Daniella Mafra,daniellamafra
da5abcc6-c7d9-4f62-a40f-bd71ba332fa7,Ruberley Donatelli,ruberley.donatelli
f5f1bb4d-897b-4ae3-8e54-502e94cae3cc,Eurico Hennys,eurico.hennys
2fe18e5e-2a0a-4a79-a8c2-ee256ae68b00,Valdeir Nunes Mathielo,valdeir.nunes.mathielo
0006c91e-8f67-40b5-a52b-a043af154f23,Gardenia Samboray Rubia,gardenia.samboray.rubia
f217525e-5cae-478e-899d-16ce91008f49,Keyla Massimo Bernardina,keyla.massimo.bernardina
4afbe77a-8dca-46bc-883a-f9da307ad9e1,Erickson Dilva,erickson.dilva
b05e6cb0-ab30-4541-acd9-5ce80e40fba1,Shelly Praseres Schueler,shelly.praseres.schueler
92da3d84-be5b-4ab9-bc44-725262cd2c40,Raphael Gonzales Quaglio,raphaelgonzalesquaglio
05e2c808-c084-4acb-93a2-64444929b1cd,Maicongreidaon gomes,maicongreidaon.gomes
ef67fefe-9d89-4484-96f2-b4ccc41b2132,Welmeson Frechiani modas,welmesonfrechianimodas
7c0f578e-2671-4022-86cc-5fdfc2c66771,Autoescola Beltran Adolfo,autoescolabeltranadolfo
05fe83e4-76d6-40f3-9ef0-2c111dfac46f,Anna Callamari,annacallamari
112ebe2b-4c8a-4916-a376-a4f96823aa54,Denilda Yago,denilda.yago
874bbfca-2330-4e71-ac5c-1b9c4d2eb6b2,Washington Cotrim,washingtoncotrim
3f44c987-065d-4703-ae2d-f2efab98fe65,Lucilo Avanza,lucilo.avanza
c18c3e56-ce86-4f0c-bb11-88728dc86943,Fausto Lamach,fausto.lamach
52b53c76-00ad-476b-b7eb-b767f2707254,Alexandre Fonsecs Larri,alexandre.fonsecs.larri
9ee0b262-d844-42c5-8ce4-af2d856dfd95,Eliandro Shaoan,eliandro.shaoan
6cac537d-9c39-477d-ad25-9abe4e8463dd,Lorrane Pinsegher Formenton,lorranepinsegherformenton
5d1a6082-fb43-4fe7-b2af-894300e47629,Marli Morales,marli.morales
0093a699-32d5-46b3-8e91-d847cd109ba3,Robson Laborne,robsonlaborne
38c7b085-91e8-491c-a803-eca6390d3aca,Aira Lameirinhas,aira.lameirinhas
f15a1f76-2f2e-4e15-8835-7db534d3b606,Lucas Alved Angelina,lucas.alved.angelina
21961691-f98f-4bf2-8f9d-44bc5c99e449,Rochelida Gantois,rochelida.gantois
21b89511-ddec-4a44-8b9a-cb0de880a734,Bricio Izepon,bricio.izepon
7ba6dc4c-440f-49c2-a0a5-9572d8a045a8,Francuerli Barbieri romano,francuerli.barbieri.romano
97f44f39-c99f-4fe8-8a5f-24b44ffbdedc,Nilza Larissa,nilzalarissa
2b883b84-bafe-4de1-aeef-3d9df42d023f,Giselda Alencar,giseldaalencar
1816aded-91ec-4f21-a661-678b5093ca43,neide Pessanha,neide.pessanha
9ffded76-af4d-4e83-9f82-53ee4efb9e16,estevao Gladys,estevao.gladys
290e8064-c789-4ae2-bb17-c3dca0e55f5e,Alaine Muzzillo,alaine.muzzillo
50bb6279-4faa-425e-9192-61bdb8241fa5,Rose Gonzalez,rosegonzalez
ffe65992-80d1-45e2-96f3-de4a530bab6a,Arlei Ferreiea Rossanezi,arlei.ferreiea.rossanezi
867f08a7-d88e-47b1-a2da-c5d9a2e15cd8,Adayl Whalker Estaithe,adayl.whalker.estaithe
ba815e86-1f72-4e8d-bae4-16b1e1da0ccf,Miriam Calacio,miriamcalacio
97663aed-ad21-44af-ab7e-bfbc7103fca2,Antonia Henkin,antonia.henkin
3cf2ba28-f10c-4197-b0d0-cd46375e5a41,Rubemar Pizza Soeiro,rubemar.pizza.soeiro
39ab453c-a775-424c-88fa-89621f064bb1,Eliandro Capozzoli,eliandro.capozzoli
6da255ed-56bc-4d7c-930a-5b55323da486,Anthony Scaletti,anthony.scaletti
753d079e-4527-4522-9a94-9d353ed567ac,Felipe Bianchi,felipe.bianchi
c4b52a44-1cd3-4184-8ac7-31a4ee5ddf6f,mariana fonseca,mariana.fonseca
54b3b04f-45b3-4c61-822c-8e86ec05cab8,Alleksandra Ivan,alleksandraivan
3ddbddcf-962e-4aee-b9bd-b84a2552908f,Frank Tadao,frank.tadao
e4d24d1e-9976-4245-8e63-fa62ce5aaaa0,Cleiziene Magalhes Bergamini,cleiziene.magalhes.bergamini
9eee6ffc-7f34-4c73-873e-094ee1f87c38,Warlley Mikaelly,warlleymikaelly
2dd15d0b-9ff9-4dcb-aa38-e22a949f9b0e,Mayhumi Brasiliano,mayhumi.brasiliano
dd5bb008-131c-416f-bb50-be4c4e7be636,Noslen Canelhas,noslen.canelhas
07af81c1-8e36-47b8-8725-6758ab78d2fd,Icaro Monsores Menon,icaro.monsores.menon
05ac50fb-fccc-41c7-975a-7592bbf5502c,Fernando Guerreiro Feitosa,fernando.guerreiro.feitosa
445e476e-d4ba-41fe-aa33-a7942dc4aa08,Jordania Mar,jordania.mar
afec432a-1b35-4175-9cbb-fc6280f7ecb8,Decivaldo Nepomuceno,decivaldo.nepomuceno
470dfbdb-ceb8-4cbf-a270-9c24db197496,Jeferson Della,jeferson.della
7d498b38-e462-45e7-9cdf-ddf383fda233,Jaime Moyra,jaime.moyra
015dabfa-151b-46b6-8883-08bd8999da10,Dieniffer Pegoretti,dieniffer.pegoretti
45343af9-03c0-4f0c-9af8-c683b0ae11ba,Rivanda Emilia,rivanda.emilia
65e64a9c-6f18-4cb7-893c-b5be36e47475,Julielma Bene,julielma.bene
320b403d-7087-4886-8546-4f4792442ebf,Baccarin Busatto,baccarinbusatto
c2678f67-14f9-4cc7-90e0-12e5f968a7ee,Edgar Alexadrino Fitz,edgar.alexadrino.fitz
82cb20b2-b477-44fc-886b-fa5a3b7586aa,Rilley Limoni Rejane,rilley.limoni.rejane
6aa046a7-2557-403b-98eb-77e8d6852396,henrique Ouro Biu,henriqueourobiu
6cacc9d9-76d5-43b7-8926-89a4ee29dd81,Thiarles Scaffo Gadelha,thiarles.scaffo.gadelha
11f3400b-3621-4de1-a4c2-f93546937742,Aldenise Salviato,aldenisesalviato
7320b6c0-0ee8-486a-9144-77893205b2ca,Franciene Gusmao Justino,francienegusmaojustino
65342e49-9aec-44d2-9980-7d5739dd7c3e,DannieL Preira,dannielpreira
12f6beb5-da2f-420b-b840-96d715a802b2,Charlene Gorayeb,charlenegorayeb
edd06817-2f48-4689-97db-b1462cdb5339,Queiroz Livonius costa,queirozlivoniuscosta
93b65691-6fee-457c-b6ab-4f137b3790ab,Shaira Pessin,shairapessin
13146634-97fb-4411-beb7-0fd4e8a797b2,Gislaine Elpidio,gislaineelpidio
91c4c6a9-2d40-44e3-9e24-e61de08676a5,Waleria Brayner,waleria.brayner
aed09f3f-7200-419e-8cdb-656d90765457,Taiara Cristiane,taiaracristiane
4b05b9db-6a1e-4363-a15c-09bdd3f82b99,Salomao Fressato,salomao.fressato
1b2eeab3-0e7a-4c87-bdbd-6836b72d5686,Agno Escame Dantas,agno.escame.dantas
99d2d7ba-f822-4f09-8ed7-94738f6dfbde,Charles Vittor,charles.vittor
7c2c3434-7804-4a02-8dcf-82346592ff6d,Grazzieli Carrasco,grazzieli.carrasco
b70c6cda-db2a-458c-a37a-81c93c5089cf,Amara Calheiros Porto,amara.calheiros.porto
9489831b-3271-407d-8ae9-b3ea79a267ba,Inez Ferraz,inez.ferraz
619a285b-8680-4103-9047-9257de12957a,Junio Viel,junioviel
ae725ee9-497b-4ea1-9763-b757070d7bb3,Monique Mara,monique.mara
90c19fdc-f6f1-4913-9091-8c588beae963,Yolanda Hingrid,yolanda.hingrid
dbaa5e40-168c-4574-82ce-759e55971c8e,Sandrelly Feliciano,sandrelly.feliciano
3df54377-4b4a-4e0e-bbc2-25582c6d2aa2,Leonel Ballardin,leonel.ballardin
f0c4a443-21d2-47a5-af7c-61a087b12c34,Karoline Marone,karoline.marone
c73082ba-fafe-4579-963a-bda0ec90c875,Jacimar Torres,jacimartorres
4c7c46f6-401c-46bc-b989-5a0d7dff1ce1,Jair Caus,jair.caus
0d07a9a1-b32a-47b9-adb4-c7020805fc56,Idervan Silava,idervansilava
d6014f96-0f54-4ed2-8b61-3a8533bb0db0,Sarah Chelmiski Montiel,sarahchelmiskimontiel
fa1e09ed-ef26-4b59-8011-e9030d5b51a1,Veraildes Adao,veraildesadao
30eb65dc-6fdf-4daa-9704-40fdbe4913cb,Leonarda Alfaiate Raimundo,leonarda.alfaiate.raimundo
b662c83a-cd5e-4cba-9edb-47a4b9c1be48,Erlandia Cotta,erlandiacotta
8e0a7a2d-6dd1-4715-a6ec-c954c1be6989,Gennaro Osmar Wilhelm,gennaro.osmar.wilhelm
d981ba44-0b54-4cfd-af68-1bbeecaeb364,Jonathas Loblein,jonathasloblein
d1aa3430-9506-4775-a341-ed790277faee,Warlley Adam V.,warlleyadamv.
9dfb0097-3576-4124-9bad-238a12330df3,Agata Trajano,agata.trajano
f7af31da-342f-4407-b2f5-e717598e463b,Heryka Vanoni,herykavanoni
d6513992-b60a-46ca-901f-5d84f1163868,Rene Lay Bida,rene.lay.bida
006fc7a3-e897-406a-b6e6-bae1a9247300,Daliana camara,daliana.camara
5d9d08c0-9233-4549-9ec4-2db8b70381b1,Melany Roizen,melany.roizen
34ff2652-6ddc-4321-aa36-13e16006b210,Angelita Hermes,angelita.hermes
d23fbed4-dff2-4aeb-90f3-943cf562d605,Rosangela Flor Bilk,rosangela.flor.bilk
6bb7f4d6-c82c-4a56-8d18-0072ab1b0485,Julimar Barreto,julimar.barreto
7033385a-3fc7-4b4d-8820-97e33f5ad8f4,Demerson Zatta,demerson.zatta
888e79eb-124e-4750-91bf-1e4b382c2486,Joycw Kimiko,joycwkimiko
2e2925a3-dcf8-41a8-80b4-9dd16f8e6dd2,Rodrigo Strake Lo,rodrigostrakelo
0a57baaa-1ab9-4a5c-8eaa-6eb7d6bb5770,Kristyan Garbiati Spirker,kristyan.garbiati.spirker
f8a8657b-1f77-4cdd-9ae3-1b97cc4ff6f5,Elinelson Rayllandd,elinelsonrayllandd
d5a56d63-7b44-4890-b94f-743f523e441f,Jairo Oliveira.,jairo.oliveira.
2aa4c453-787c-4f4e-a47b-1c1402e1c3d4,Fabiele Petena,fabielepetena
b430b5c8-764c-484c-9ca7-6c3a87dd456c,Elizabete Montier,elizabete.montier
269a258b-0a91-4091-832b-1714a54c9060,Raileny Donna Bernal,raileny.donna.bernal
b1cf292a-1c6c-47bd-83ba-4c88640a4bac,Brandon Loureiro,brandonloureiro
42dfe1bb-ca65-48da-9ea7-03027cadbc5d,Izabela Dondoni Bolzan,izabela.dondoni.bolzan
8fcc7e90-9105-46c4-baba-304ebedbd19a,Mauro Cristovao,mauro.cristovao
1b1e3713-21fe-41a2-a46b-8d92eea131bd,Daiana Narciso,daiananarciso
acf76255-9861-4e5b-8a0b-0e7c13109a46,Sandra Sayuri Rodrogues,sandrasayurirodrogues
38a102ea-2435-44a6-9124-1a3826a8b7c8,Fainer araujo,fainer.araujo
326e9334-9bb0-4b66-8f0a-7007b4635329,Maickel Grossmann,maickel.grossmann
fec55d28-60b9-45ab-9047-056d30fc6768,Debora Senhorinho Damiani,debora.senhorinho.damiani
ba7b9cb5-234a-41e6-bfd2-39698bd69241,Marli Izefler,marli.izefler
7a52c997-9545-4489-b3a5-31bdacd6ab24,Maurisia Accorsi,maurisiaaccorsi
3681d0e2-6a91-4d60-885a-b289f416c3c9,Thatiane Tuanny,thatiane.tuanny
8cf05921-afc8-4c0b-bfac-a7599949c3f5,Alinice Mariotin,alinice.mariotin
ce2b2e3a-c71a-4956-a3a1-e3d6b3e44fc8,GLAUDER Bertagnoni,glauder.bertagnoni
7d077168-879a-4fb9-accb-0377306caff5,Williams Izefler,williams.izefler
1c123362-7bde-4a2d-8824-5f72a082be6a,Eloisa Terezinha,eloisa.terezinha
1d6987ea-0512-47a5-99d5-9bdb517d9061,Shaira Cintia,shaira.cintia
e5c47b21-e2bc-4ced-a83c-40038879389c,Adao Imperico,adaoimperico
702c8075-06ae-4650-a3bb-0a73a57378d8,Lucirlei Garuzzi,lucirlei.garuzzi
215cfdd2-735e-4c6a-9397-67f05df33033,Genilson Schor Adamaria,genilson.schor.adamaria
db6495d4-03e1-4bb6-92f0-1075e01829de,juh Dalben,juh.dalben
317bf0ec-6024-4a3e-af06-1771fcb10187,Elaine Dimas,elaine.dimas
10daab23-abfc-4f6e-a3ae-eb74414a558f,Reniery Lorraine,reniery.lorraine
c6d455ce-b2a4-479a-b97a-5f02e38e9362,Bruna cunha,bruna.cunha
6de20a5c-17d0-42b2-aa3a-d9197056c6a1,Sara Varoto,saravaroto
8f473d16-4871-44d5-bf3f-628528322c0b,Terezinha Lumertz Anita,terezinha.lumertz.anita
9969750a-1702-4f66-aa5b-7802e5c4be3d,Ismene Firmo,ismene.firmo
18e1f542-1481-4e91-ad30-d815ba0117d2,Emilayne Munaro,emilayne.munaro
39798f79-337f-424a-ac05-3bc42bf85e31,Fernando Barbara Breve,fernando.barbara.breve
3e415013-fca5-40bc-9bdc-7327ec895d45,Alex Aparecidi,alex.aparecidi
883675ba-069d-4252-86d5-7f018942fe43,Loraine Marrocos,loraine.marrocos
e284d537-9539-4298-9ba1-dca500660a58,Uriel Ferrao,uriel.ferrao
de615f60-b279-40e8-abaf-121e6784fad8,Edney Oliverira,edney.oliverira
9872fea2-bc52-4d3c-897c-cb786277dbd6,Marla Albini,marla.albini
10265378-0d9e-4784-9928-0cb1e5ea250b,Sofia Luana,sofia.luana
429d6454-ff1c-47e9-89a6-f31da20fa76a,Deilianne Claramunt,deilianne.claramunt
030df69a-3c97-4823-94bc-c4be00b83c3e,Mirian anchieta,mirian.anchieta
bef693eb-b908-45ec-889f-e097e62d4295,Jakson Sandri,jakson.sandri
e7ca0525-d2c2-42e4-927f-0b2bf3972b68,Dirlea Nigro,dirlea.nigro
cbaebf66-0423-4dbe-9097-001266232f7b,jediler ROCHA,jedilerrocha
ad41cbfd-fa45-44bb-bfc5-89889566682f,Viniccius Celentano,viniccius.celentano
d58885ad-e5fe-470d-87ae-f511287a004b,Hercilio Sandeson,herciliosandeson
5756389b-b662-4c58-916e-8ea55d4ec65c,Geyvison Ssntos,geyvison.ssntos
546dff32-29b1-4619-b2eb-18cf6d106538,Esmeralda Marciano,esmeralda.marciano
03a24743-60fa-402c-9de4-f2f96adf6d16,Helbert andre,helbert.andre
dff6f815-44d5-4dcb-a7c8-65758e6f2fd9,Ingritt Genesio elder,ingritt.genesio.elder
4531b61b-7276-43ff-931e-f1b68abeae84,Keliana Vrban,keliana.vrban
5a1fbdc3-c0fb-498a-bfdb-496d6a9bb0dc,Wevellyn Falkoski,wevellynfalkoski
a128d5a2-ee54-40bf-b34e-a1f7b96c4ee6,Deneilson Gaigher,deneilsongaigher
ceae69eb-a98d-4642-af0f-f757b6d2550b,Rigeria Baracat Niederauer,rigeria.baracat.niederauer
0fdf0c9a-cd8b-4f5c-88a2-d99b7f0ce967,Marcones Romanha Brum,marcones.romanha.brum
10f37ccb-7337-49d8-9cf6-6c0fd5deafd3,Ioannis Moura,ioannis.moura
1444b748-ca9e-426f-9427-62f7ce748378,Hermes Carraco,hermes.carraco
2fa14a0f-8292-45ee-8d23-115233dd141c,Edmarlow Zelaquete,edmarlowzelaquete
7ae2eca5-630f-4f98-8afe-e6c8c256b293,Wellyngton Malta,wellyngton.malta
e1348083-1697-4b93-bd1d-73444e9cd7b8,Ronie Deus,ronie.deus
f0b48d2a-51a6-441f-88df-5914b3cba545,Italo Roizen,italoroizen
e20376cd-910b-4a73-bc92-b426ecf93d7c,Aylton Marson Gaspar,ayltonmarsongaspar
cdce38e1-b9fe-441f-82e4-eeea200dc44c,Valdomiro Gualter,valdomiro.gualter
eeb87c2a-59e2-4333-906b-1d228a04301d,Baccarin Moscon,baccarin.moscon
932d4c86-b372-4e16-ab9d-12b323fcf7cd,Valdir Calabrez,valdircalabrez
84987059-ad86-497f-8ee5-93e348ffcb2c,Cristiano Santhiago,cristianosanthiago
565315c1-8e87-44a9-9fdc-5d20c0b4543b,Lucas Lombardi,lucaslombardi
9a79a2b8-2090-4a11-8719-0887aebdbb75,laize Porsette Pecanha,laize.porsette.pecanha
8f7dfdeb-7c7e-48dd-ac75-05f891efab69,Elda Campagnoli,elda.campagnoli
9d37037e-3906-4d5d-ba85-b691ec7125a1,Lourival Riedel,lourival.riedel
16af05c6-baff-46cc-aab8-33f980cd49f3,Mikaella Cerqueira,mikaellacerqueira
603d06d7-f0c6-42f7-81c9-cb95129731e4,Kerlyslanne Oscar,kerlyslanne.oscar
d7e75b5d-fb48-4c79-9d60-1101084fedbc,Alcilene Athayde,alcileneathayde
78681d89-d110-4ace-bbb7-1bda1e6c5c42,Deyvid Delacqua Yago,deyviddelacquayago
7a4c97f3-25d5-412a-8f7d-38e75079984f,Eloisa Tarquino,eloisatarquino
e7443e7c-999d-473a-a2ad-6dd5dcefdc08,Thatiane Dodorico Berman,thatiane.dodorico.berman
a0f91733-95fd-4628-bf25-570f16d927f8,victor Favsro Caram,victorfavsrocaram
f0a392cc-78d9-47ca-aa9a-9f6f7d9f4fa7,starsom Kahrollynna,starsom.kahrollynna
c0066065-8ff2-4a17-90f2-43454dee480b,silvia Gabriela,silvia.gabriela
772db67f-73ab-4a8b-a140-738da2516d87,Adao Redig,adao.redig
55d769b7-389b-4850-840f-fc5eae57871c,Ulisses Santoa,ulissessantoa
2b96b66b-ac0f-4492-8e55-1ca91d27a552,Eurilene Magela,eurilenemagela
1d071926-eab1-4a48-abf3-81daf0c1eac4,Andrea Meletti,andrea.meletti
c8ca60b9-4b1b-4f2a-9ee4-4218c713ba3b,Anne Cristina,anne.cristina
c500ab5e-5754-4ff8-8d24-421d356a11fc,Elizama Saran,elizama.saran
e7f7408f-b68e-4405-9e3c-a8345845552a,Olga Viola Candido,olga.viola.candido
7e835595-4b0d-462b-9d5d-d6a0d0aef27c,Valdirene Crespo,valdirenecrespo
2a6e12be-23a4-4ff7-a93e-c1100ea3e388,Welmeson Locadora,welmesonlocadora
f5550ff5-0363-4f2c-bbb9-a4ad2d518e19,Geni Costa Roger,geni.costa.roger
d2b5b774-e055-43e9-bbf6-8c9d677c64a4,Yasmini Roberto,yasmini.roberto
11d1d737-44e3-4f70-b383-2b685f8f0ba4,Ernando Diad Goretti,ernandodiadgoretti
adb1b9fa-ce19-479f-a2b5-0804f267c045,Magna Mota,magna.mota
debdb9dc-ca1f-4fe8-8665-571e7d5bb0bd,Damaris Vania Kovalsikoski,damaris.vania.kovalsikoski
f4f815e5-c387-42da-85ca-8ce1ddebca9b,Nuno Benevenuto Luan,nunobenevenutoluan
3bff8a68-0d86-4b47-8ca1-c5c87536ce5e,Dryelle Carmo,dryelle.carmo
b4ce152e-9639-497b-b33b-dca243920560,Sebastiao Anny,sebastiao.anny
6b3c3123-e1a5-4ec2-97a3-bd5f6b44297b,Cindel Capuzzo,cindelcapuzzo
c59d1687-fe84-487f-9d6f-2b367839fbb1,Karine Dall,karinedall
4cb07fbd-260f-4b73-99e3-6674ff58caf4,Maiky Lavareda Ananias,maiky.lavareda.ananias
bbe90f1a-03ed-47d7-b02d-c7d894383959,Cleiziene Wellington,cleiziene.wellington
c6cfbcd7-117a-4e07-873e-e12a4a8e1194,Neilton Julio Berdusco,neilton.julio.berdusco
96b3f27c-5b1b-4248-9a47-ab8a9adcbb47,Heverson Amalia,heverson.amalia
21be77d4-d4b0-4281-b891-0a2fefb444fc,Cleverson Barrozo Garve,cleverson.barrozo.garve
6b31b24c-4bdc-404c-a83d-6336bf2d64e8,Jussara Ceriaco,jussaraceriaco
00e01ddb-be4a-4138-9743-0bf54975a203,Camila Murilo Bianca,camila.murilo.bianca
a3434fe3-ae68-4df0-9b5b-cf467f569419,Deliene Bis Carvalhaes,deliene.bis.carvalhaes
